ID_PAID;DATA;COOKIEID;ID_SEX;ID_ETA;ID_INTERESSE_1;ID_INTERESSE2;ID_INTERESSE3;ID_DEVICE;ID_TYPE;PAGEVIEW_INDEX;NUM;ID_CAMPAIGN;ID_SOTTO1;ID_SOTTO2;ID_SOTTO3;ID_COUNTRY;ID_PROVINCIA;ID_CITY
1709004;03/11/2019;0000000000000000002d86ea32e2a05d4;1;5;33;23;35;2;1;5;1;12;32;49;43;1;4;4
1709005;03/11/2019;0000000000000000002d8701250b6058d;1;6;31;13;35;2;1;1;1;16;2;2;2;1;13;15
1709006;03/11/2019;0000000000000000002d8706135c605c6;3;1;25;25;25;2;1;0;3;20;2;2;2;1;25;75
1709007;03/11/2019;0000000000000000002d8706d52d205af;1;5;19;32;25;2;1;1;1;20;27;2;2;5;16;21
1709008;03/11/2019;0000000000000000002d8706d52d205af;1;5;19;32;25;2;2;1;1;20;27;2;2;5;16;21
1709009;03/11/2019;0000000000000000002d87071f9e4058c;1;2;31;6;25;2;1;1;1;27;2;2;2;1;4;4
1709010;03/11/2019;0000000000000000002d870c6d22a0592;1;3;11;16;29;2;1;5;1;25;14;43;26;1;13;15
1709011;03/11/2019;0000000000000000002d870c6d22a0592;1;3;11;16;29;2;1;5;1;24;14;43;26;1;13;15
1709012;03/11/2019;0000000000000000002d8713ba33605aa;1;1;8;22;29;3;1;1;1;17;2;2;2;1;1;28
1709013;03/11/2019;0000000000000000002d87146aca805e1;2;5;25;13;16;1;1;1;2;27;2;2;2;1;32;73
1709014;03/11/2019;0000000000000000002d87146aca805e1;2;5;25;13;16;1;1;1;1;26;2;2;2;1;32;73
1709015;03/11/2019;0000000000000000002d871fb96d40598;1;1;21;33;3;2;1;5;1;27;17;198;45;1;2;2
1709016;03/11/2019;0000000000000000002d871febba405de;3;1;25;25;25;2;1;5;1;12;2;2;2;1;3;3
1709017;03/11/2019;0000000000000000002d872a60be00249;3;1;25;25;25;2;1;1;1;27;2;2;2;1;12;55
1709018;03/11/2019;0000000000000000002d872d89c4405b2;2;1;22;23;35;2;1;1;1;27;51;2;2;1;12;14
1709019;03/11/2019;0000000000000000002d872d89c4405b2;2;1;22;23;35;2;1;1;1;26;51;2;2;1;12;14
1709020;03/11/2019;0000000000000000002d87412180a0585;2;1;29;25;25;2;1;2;1;27;2;2;2;1;4;4
1709021;03/11/2019;0000000000000000002d87412180a0585;2;1;29;25;25;2;1;2;1;26;2;2;2;1;4;4
1709022;03/11/2019;0000000000000000002d8746f18bc05c1;3;1;25;25;25;2;1;3;1;12;2;2;2;1;11;51
1709023;03/11/2019;0000000000000000002d874a8863c05aa;3;1;25;25;25;2;1;2;1;25;2;2;2;1;4;4
1709024;03/11/2019;0000000000000000002d875c5d9c205c5;2;1;6;16;25;1;1;1;2;10;2;2;2;1;25;98
1709025;03/11/2019;0000000000000000002d877fcea8405c8;2;3;26;23;33;2;1;2;1;26;26;118;43;1;3;3
1709026;03/11/2019;0000000000000000002d87804fc1405af;3;1;25;25;25;3;1;5;1;12;2;2;2;1;3;3
1709027;03/11/2019;0000000000000000002d8783009420243;3;1;25;25;25;2;1;3;1;11;2;2;2;1;4;4
1709028;03/11/2019;0000000000000000002d8783009420243;3;1;25;25;25;2;1;3;1;10;2;2;2;1;4;4
1709029;03/11/2019;0000000000000000002d87870fe460589;1;2;26;17;33;2;1;4;1;27;2;2;2;1;4;4
1709030;03/11/2019;0000000000000000002d879738e480157;2;5;23;33;18;2;1;1;1;14;112;15;2;34;54;139
1709031;03/11/2019;0000000000000000002d879a07cba05e2;2;1;29;25;25;2;1;1;1;17;49;69;2;1;4;4
1709032;03/11/2019;0000000000000000002d879e4970405a5;2;1;29;13;16;2;1;1;1;24;35;2;2;1;2;2
1709033;03/11/2019;0000000000000000002d87a7ed8c005c5;3;1;25;25;25;2;1;1;1;10;2;2;2;1;4;4
1709034;03/11/2019;0000000000000000002d87b73fe6605d3;3;1;25;25;25;1;1;0;2;26;2;2;2;1;2;78
1709035;03/11/2019;0000000000000000002d87b73fe6605d3;3;1;25;25;25;1;1;0;1;27;2;2;2;1;2;78
1709036;03/11/2019;0000000000000000002d87b73fe6605d3;3;1;25;25;25;1;2;0;1;26;2;2;2;1;2;78
1709037;03/11/2019;0000000000000000002d87bef727605c6;1;4;23;22;19;2;1;1;1;28;11;27;2;1;2;2
1709038;03/11/2019;0000000000000000002d87bef727605c6;1;4;23;22;19;2;2;1;2;28;11;27;2;1;2;2
1709039;03/11/2019;0000000000000000002d87d20270601aa;2;2;13;16;25;2;1;1;1;26;2;2;2;1;3;3
1709040;03/11/2019;0000000000000000002d87d20270601aa;2;2;13;16;25;2;1;1;2;27;2;2;2;1;3;3
1709041;03/11/2019;0000000000000000002d87dd442b60582;3;1;25;25;25;2;1;2;1;26;2;2;2;1;2;2
1709042;03/11/2019;0000000000000000002d87e26090a014d;1;3;23;25;25;2;1;1;2;27;118;15;2;1;13;15
1709043;03/11/2019;0000000000000000002d87e26090a014d;1;3;23;25;25;2;1;1;1;26;118;15;2;1;13;15
1709044;03/11/2019;0000000000000000002d87e6279f205aa;1;2;31;13;19;2;1;3;1;27;80;60;37;1;2;109
1709045;03/11/2019;0000000000000000002d87e943f7605c1;2;1;33;23;29;2;1;3;1;22;2;2;2;1;4;4
1709046;03/11/2019;0000000000000000002d87ea65ed0058e;3;1;25;25;25;2;1;5;1;27;2;2;2;1;4;4
1709047;03/11/2019;0000000000000000002d87f69de8c05ba;3;1;25;25;25;2;1;1;1;23;2;2;2;1;4;4
1709048;03/11/2019;0000000000000000002d88367dfba0205;3;1;25;25;25;2;1;4;1;21;2;2;2;1;1;1
1709049;03/11/2019;0000000000000000002d883b2781c05d5;2;3;26;32;21;2;1;5;1;21;11;48;43;1;4;4
1709050;03/11/2019;0000000000000000002d885b97ec2011a;2;1;34;26;13;2;1;1;1;26;3;60;29;1;12;14
1709051;03/11/2019;0000000000000000002d885b97ec2011a;2;1;34;26;13;2;1;1;1;27;3;60;29;1;12;14
1709052;03/11/2019;0000000000000000002d8872cae5605dd;1;1;26;34;33;2;1;1;1;26;43;26;2;1;4;4
1709053;03/11/2019;0000000000000000002d887576a5005e0;2;2;26;19;25;2;1;1;1;18;63;2;2;1;7;8
1709054;03/11/2019;0000000000000000002d8878956c4010e;2;7;21;30;19;2;1;5;1;12;42;45;89;1;6;62
1709055;03/11/2019;0000000000000000002d888a1292c05bf;2;1;29;3;30;1;1;1;1;26;69;49;2;1;4;4
1709056;03/11/2019;0000000000000000002d888a35e3005d9;1;5;27;25;16;1;1;1;1;26;32;107;2;1;3;3
1709057;03/11/2019;0000000000000000002d888ec1daa05d1;2;1;29;22;11;2;1;1;1;17;51;36;60;1;3;3
1709058;03/11/2019;0000000000000000002d889257384059c;1;1;35;31;16;1;1;5;1;26;2;2;2;3;14;17
1709059;03/11/2019;0000000000000000002d889673a7405cb;2;2;13;16;35;2;1;1;1;27;2;2;2;5;16;21
1709060;03/11/2019;0000000000000000002d889673a7405cb;2;2;13;16;35;2;1;1;3;26;2;2;2;5;16;21
1709061;03/11/2019;0000000000000000002d889673a7405cb;2;2;13;16;35;2;1;1;1;20;2;2;2;5;16;21
1709062;03/11/2019;0000000000000000002d8896ec72405ca;2;1;29;33;26;2;1;4;3;10;48;36;49;1;4;4
1709063;03/11/2019;0000000000000000002d8896ec72405ca;2;1;29;33;26;2;2;4;1;10;48;36;49;1;4;4
1709064;03/11/2019;0000000000000000002d8898659c005df;2;1;16;29;8;2;1;5;1;28;2;2;2;1;13;126
1709065;03/11/2019;0000000000000000002d88bcbad4e05a4;1;3;32;11;25;2;1;5;1;27;2;2;2;1;2;2
1709066;03/11/2019;0000000000000000002d88eb8122005df;2;7;21;26;13;1;1;5;2;27;51;26;71;1;4;4
1709067;03/11/2019;0000000000000000002d88fa3f32c05b4;2;6;26;29;28;2;1;5;1;27;26;19;23;1;4;4
1709068;03/11/2019;0000000000000000002d8901cca1605a5;1;7;21;19;27;4;1;5;1;28;27;11;44;1;4;4
1709069;03/11/2019;0000000000000000002d89073dc800588;2;2;32;26;21;2;1;5;1;11;11;114;100;1;18;35
1709070;03/11/2019;0000000000000000002d890f7477005b2;3;1;25;25;25;2;1;0;1;16;2;2;2;1;4;4
1709071;03/11/2019;0000000000000000002d890f7a244023d;2;5;11;26;33;2;1;1;1;26;184;26;15;1;12;55
1709072;03/11/2019;0000000000000000002d891683c0805ae;1;4;19;7;8;1;1;1;1;16;2;2;2;1;2;2
1709073;03/11/2019;0000000000000000002d891683c0805ae;1;4;19;7;8;1;1;1;1;27;2;2;2;1;2;2
1709074;03/11/2019;0000000000000000002d891ed46740583;1;1;16;35;25;2;1;1;1;19;2;2;2;1;4;4
1709075;03/11/2019;0000000000000000002d8925ed23a05bf;2;5;13;35;16;2;1;2;1;26;37;24;60;1;4;4
1709076;03/11/2019;0000000000000000002d892edbe7a05c2;1;4;32;18;7;2;1;1;1;27;11;2;2;1;1;1
1709077;03/11/2019;0000000000000000002d8935c0b4a05d8;2;2;13;22;16;2;1;1;1;27;51;2;2;1;5;79
1709078;03/11/2019;0000000000000000002d893655b9e059b;3;1;25;25;25;2;1;2;1;26;2;2;2;1;31;72
1709079;03/11/2019;0000000000000000002d893f76bcc05d4;2;3;21;26;23;2;1;2;2;26;48;100;142;1;4;4
1709080;03/11/2019;0000000000000000002d894f7ccfc0580;3;1;25;25;25;2;1;3;2;23;2;2;2;1;13;15
1709081;03/11/2019;0000000000000000002d8950fbeec0189;2;1;31;17;34;2;1;2;2;21;152;90;2;10;27;53
1709082;03/11/2019;0000000000000000002d8988f2f8605d3;3;1;25;25;25;2;1;0;1;11;2;2;2;1;2;30
1709083;03/11/2019;0000000000000000002d89a4349d40597;3;1;25;25;25;2;1;1;1;22;2;2;2;1;4;4
1709084;03/11/2019;0000000000000000002d89ae38e4405c7;2;1;33;13;29;2;1;2;1;26;2;2;2;1;4;4
1709085;03/11/2019;0000000000000000002d89bab0df8058d;1;1;21;23;11;2;1;1;1;11;29;3;14;1;4;4
1709086;03/11/2019;0000000000000000002d89c23cfaa0232;1;2;23;8;28;2;1;1;3;27;118;99;2;1;25;69
1709087;03/11/2019;0000000000000000002d89c23cfaa0232;1;2;23;8;28;2;1;1;1;26;118;99;2;1;25;69
1709088;03/11/2019;0000000000000000002d89c959dca05b2;1;5;19;25;25;1;1;1;1;17;2;2;2;1;4;4
1709089;03/11/2019;0000000000000000002d89c959dca05b2;1;5;19;25;25;1;1;1;1;18;2;2;2;1;4;4
1709090;03/11/2019;0000000000000000002d89cba808205c3;1;5;22;27;34;2;1;3;2;28;51;59;2;1;4;4
1709091;03/11/2019;0000000000000000002d89cf2b97a05ac;3;1;25;25;25;2;1;4;1;13;2;2;2;1;6;62
1709092;03/11/2019;0000000000000000002d89d180d9a05a1;1;2;26;30;33;2;1;1;1;12;26;2;2;1;4;4
1709093;03/11/2019;0000000000000000002d89e746c8a05c2;3;1;25;25;25;2;1;1;1;27;2;2;2;1;4;4
1709094;03/11/2019;0000000000000000002d89f00dd0e05d6;2;1;34;25;25;2;1;1;2;27;2;2;2;1;1;1
1709095;03/11/2019;0000000000000000002d89f00dd0e05d6;2;1;34;25;25;2;1;1;1;26;2;2;2;1;1;1
1709096;03/11/2019;0000000000000000002d8a23a380e0204;2;1;29;21;23;2;1;1;1;11;47;2;2;1;2;2
1709097;03/11/2019;0000000000000000002d8a32c149005e2;3;1;25;25;25;1;1;1;1;26;2;2;2;1;2;2
1709098;03/11/2019;0000000000000000002d8a3fc84ce05ca;2;2;13;16;25;1;2;1;1;27;2;2;2;1;19;56
1709099;03/11/2019;0000000000000000002d8a3fc84ce05ca;2;2;13;16;25;1;1;1;1;27;2;2;2;1;19;56
1709100;03/11/2019;0000000000000000002d8a426307c0194;1;5;16;13;35;2;1;3;1;27;2;2;2;1;5;63
1709101;03/11/2019;0000000000000000002d8a426307c0194;1;5;16;13;35;2;1;3;1;26;2;2;2;1;5;63
1709102;03/11/2019;0000000000000000002d8a45fe6b605d3;2;1;29;16;26;1;1;1;1;26;93;36;35;1;2;25
1709103;03/11/2019;0000000000000000002d8a4a8abde0103;1;5;19;32;33;2;1;3;1;14;81;251;2;1;4;4
1709104;03/11/2019;0000000000000000002d8a4fdadcc05be;1;2;26;13;16;2;1;1;1;27;26;43;2;1;4;4
1709105;03/11/2019;0000000000000000002d8a505c678059c;2;3;13;18;33;2;1;1;1;20;2;2;2;1;4;4
1709106;03/11/2019;0000000000000000002d8a58d3bfa059e;2;1;29;33;26;2;1;2;1;26;24;83;36;5;16;21
1709107;03/11/2019;0000000000000000002d8a5b624d4059b;2;6;16;26;11;3;1;3;1;27;145;10;7;1;4;4
1709108;03/11/2019;0000000000000000002d8a605856805c6;3;1;25;25;25;2;1;1;1;17;2;2;2;1;4;4
1709109;03/11/2019;0000000000000000002d8a66fbd9e05ce;2;3;32;21;33;2;1;5;1;15;11;61;26;1;4;4
1709110;03/11/2019;0000000000000000002d8a6cf298a011d;2;2;13;25;25;2;1;1;1;26;2;2;2;1;5;128
1709111;03/11/2019;0000000000000000002d8a87e5a2e0584;2;1;29;30;25;2;1;1;1;11;2;2;2;1;13;15
1709112;03/11/2019;0000000000000000002d8a8aa260405c7;1;2;26;25;25;2;1;2;1;10;2;2;2;1;2;2
1709113;03/11/2019;0000000000000000002d8a90917d605b3;2;1;8;25;25;2;2;2;1;26;2;2;2;1;1;5
1709114;03/11/2019;0000000000000000002d8a90917d605b3;2;1;8;25;25;2;1;2;1;26;2;2;2;1;1;5
1709115;03/11/2019;0000000000000000002d8ab4f3b9e059e;1;5;19;7;32;2;1;4;1;23;157;27;2;1;2;2
1709116;03/11/2019;0000000000000000002d8aba993960593;2;1;29;33;13;2;1;1;2;27;35;24;2;1;4;4
1709117;03/11/2019;0000000000000000002d8aba993960593;2;1;29;33;13;2;1;1;2;26;35;24;2;1;4;4
1709118;03/11/2019;0000000000000000002d8ac9122d60581;2;2;13;31;25;2;1;2;1;26;2;2;2;1;13;60
1709119;03/11/2019;0000000000000000002d8ace8389605e0;1;2;31;28;8;1;1;2;1;26;80;109;2;1;9;10
1709120;03/11/2019;0000000000000000002d8acf4ad760593;3;1;25;25;25;1;1;1;1;10;2;2;2;1;25;81
1709121;03/11/2019;0000000000000000002d8acf4ad760593;3;1;25;25;25;1;1;1;1;27;2;2;2;1;25;81
1709122;03/11/2019;0000000000000000002d8acf8495e05dd;3;1;25;25;25;1;1;1;1;27;2;2;2;1;13;15
1709123;03/11/2019;0000000000000000002d8acff299605dc;1;1;35;29;26;2;1;3;1;27;83;26;49;1;4;4
1709124;03/11/2019;0000000000000000002d8ad78681605c4;1;2;19;22;28;2;1;5;1;26;79;40;217;1;4;4
1709125;03/11/2019;0000000000000000002d8ad78681605c4;1;2;19;22;28;2;1;5;1;27;79;40;217;1;4;4
1709126;03/11/2019;0000000000000000002d8ae53c1b205d5;3;1;25;25;25;2;1;1;1;24;2;2;2;1;4;4
1709127;03/11/2019;0000000000000000002d8af9f105c05b0;1;4;31;13;28;1;1;5;2;27;11;42;2;1;2;2
1709128;03/11/2019;0000000000000000002d8af9f105c05b0;1;4;31;13;28;1;1;5;3;26;11;42;2;1;2;2
1709129;03/11/2019;0000000000000000002d8afb649880584;3;1;25;25;25;2;1;5;1;15;2;2;2;1;13;117
1709130;03/11/2019;0000000000000000002d8b01c384a05b4;1;2;25;16;28;2;1;1;2;27;9;12;2;1;4;4
1709131;03/11/2019;0000000000000000002d8b0f227c605b9;1;1;35;25;16;2;1;4;1;17;2;2;2;1;6;62
1709132;03/11/2019;0000000000000000002d8b1115ed605de;3;1;25;25;25;2;1;3;1;22;2;2;2;1;31;72
1709133;03/11/2019;0000000000000000002d8b14ea33a05b0;3;1;25;25;25;1;1;0;1;26;2;2;2;1;18;23
1709134;03/11/2019;0000000000000000002d8b2636d1405e2;2;3;13;21;26;2;1;3;1;19;17;100;2;1;4;4
1709135;03/11/2019;0000000000000000002d8b265eca605ca;1;7;32;21;28;2;1;4;1;26;11;17;3;1;20;29
1709136;03/11/2019;0000000000000000002d8b288a32605cb;2;1;21;18;32;2;1;1;1;10;44;2;2;10;27;53
1709137;03/11/2019;0000000000000000002d8b33ab9fa0596;1;5;19;32;26;2;1;5;1;10;27;11;81;1;4;4
1709138;03/11/2019;0000000000000000002d8b33ab9fa0596;1;5;19;32;26;2;1;5;1;18;27;11;81;1;4;4
1709139;03/11/2019;0000000000000000002d8b6631d200234;2;1;29;26;23;2;1;1;2;26;149;49;164;5;16;21
1709140;03/11/2019;0000000000000000002d8b6631d200234;2;1;29;26;23;2;1;1;2;27;149;49;164;5;16;21
1709141;03/11/2019;0000000000000000002d8b74546de05ca;1;1;11;25;25;2;1;2;1;27;2;2;2;1;4;4
1709142;03/11/2019;0000000000000000002d8b7b995f005c6;1;5;23;19;33;2;1;1;1;16;251;118;2;1;10;11
1709143;03/11/2019;0000000000000000002d8b965d1a805cf;1;1;21;18;33;2;2;2;1;17;17;3;114;1;4;4
1709144;03/11/2019;0000000000000000002d8b965d1a805cf;1;1;21;18;33;2;1;2;1;17;17;3;114;1;4;4
1709145;03/11/2019;0000000000000000002d8ba56888805b6;1;5;19;25;25;2;1;4;1;20;2;2;2;1;4;4
1709146;03/11/2019;0000000000000000002d8bb7a11b2059f;1;2;31;3;19;2;1;1;4;26;152;90;2;1;13;60
1709147;03/11/2019;0000000000000000002d8bc4209dc05b1;2;1;29;32;18;2;1;1;1;24;243;44;2;1;2;2
1709148;03/11/2019;0000000000000000002d8bc57dc8605a9;1;7;21;32;28;1;1;2;1;26;11;4;117;1;12;14
1709149;03/11/2019;0000000000000000002d8bc57dc8605a9;1;7;21;32;28;1;1;2;1;27;11;4;117;1;12;14
1709150;03/11/2019;0000000000000000002d8bc5bd74805c0;2;1;21;29;6;2;1;1;1;22;3;122;35;1;4;4
1709151;03/11/2019;0000000000000000002d8bc90f96605c4;2;2;13;16;25;2;1;1;1;26;2;2;2;1;3;3
1709152;03/11/2019;0000000000000000002d8bc9d06d605d7;3;1;25;25;25;2;1;2;1;27;2;2;2;1;4;4
1709153;03/11/2019;0000000000000000002d8c08a266405b7;2;6;23;22;33;2;1;5;1;25;2;2;2;1;13;15
1709154;03/11/2019;0000000000000000002d8c092c14005e3;1;3;19;21;27;2;1;1;1;15;27;45;3;1;7;8
1709155;03/11/2019;0000000000000000002d8c0cd36c805b3;1;1;25;25;25;1;1;1;1;27;2;2;2;1;4;4
1709156;03/11/2019;0000000000000000002d8c18ff23605a7;2;5;23;33;18;2;1;1;1;12;15;2;2;1;2;25
1709157;03/11/2019;0000000000000000002d8c1a5432c05b8;2;6;3;11;29;2;1;5;1;23;2;2;2;1;2;2
1709158;03/11/2019;0000000000000000002d8c1a5432c05b8;2;6;3;11;29;2;1;5;1;16;2;2;2;1;2;2
1709159;03/11/2019;0000000000000000002d8c2b677fe05cd;2;1;29;33;25;2;1;1;1;13;2;2;2;1;4;4
1709160;03/11/2019;0000000000000000002d8c2b677fe05cd;2;1;29;33;25;2;2;1;1;13;2;2;2;1;4;4
1709161;03/11/2019;0000000000000000002d8c2b9792e05a5;2;1;13;29;28;2;1;1;1;20;102;49;2;1;4;4
1709162;03/11/2019;0000000000000000002d8c30df92005cc;1;2;31;32;16;1;1;3;1;26;2;2;2;1;2;58
1709163;03/11/2019;0000000000000000002d8c31554b005da;3;1;25;25;25;2;1;0;2;27;2;2;2;1;11;18
1709164;03/11/2019;0000000000000000002d8c367ce78059b;1;4;7;33;17;2;1;1;1;27;2;2;2;1;4;4
1709165;03/11/2019;0000000000000000002d8c3b007e005b9;1;1;35;34;33;2;1;1;1;21;10;182;211;1;4;4
1709166;03/11/2019;0000000000000000002d8c3c15174059d;1;1;28;7;3;2;1;5;2;26;9;12;2;1;2;2
1709167;03/11/2019;0000000000000000002d8c3c15174059d;1;1;28;7;3;2;1;5;2;27;9;12;2;1;2;2
1709168;03/11/2019;0000000000000000002d8c405e1b40593;3;1;25;25;25;2;1;0;1;25;2;2;2;1;32;73
1709169;03/11/2019;0000000000000000002d8c4540faa05ac;2;5;31;26;18;2;1;2;1;14;26;51;30;1;4;4
1709170;03/11/2019;0000000000000000002d8c4780a8205b7;1;2;26;13;16;2;1;2;1;26;2;2;2;1;9;85
1709171;03/11/2019;0000000000000000002d8c4780a8205b7;1;2;26;13;16;2;1;2;1;27;2;2;2;1;9;85
1709172;03/11/2019;0000000000000000002d8c578940205c3;2;6;22;13;11;2;1;2;1;18;51;3;145;1;13;15
1709173;03/11/2019;0000000000000000002d8c58955ca05bf;2;6;26;29;33;2;1;5;1;27;48;15;7;1;4;4
1709174;03/11/2019;0000000000000000002d8c599111a05a7;1;5;30;31;16;2;1;5;1;22;144;2;2;1;3;3
1709175;03/11/2019;0000000000000000002d8c599111a05a7;1;5;30;31;16;2;1;5;1;10;144;2;2;1;3;3
1709176;03/11/2019;0000000000000000002d8c5dee72805cf;3;1;25;25;25;2;1;1;1;15;2;2;2;1;19;24
1709177;03/11/2019;0000000000000000002d8c63e5e2405ba;3;1;25;25;25;2;1;3;1;26;2;2;2;1;4;4
1709178;03/11/2019;0000000000000000002d8c6b6391c0580;2;3;32;21;22;2;1;2;1;15;11;26;51;5;16;21
1709179;03/11/2019;0000000000000000002d8c733d59a05b4;2;5;13;11;16;2;1;5;5;20;2;2;2;1;4;4
1709180;03/11/2019;0000000000000000002d8c733d59a05b4;2;5;13;11;16;2;1;5;3;22;2;2;2;1;4;4
1709181;03/11/2019;0000000000000000002d8c733d59a05b4;2;5;13;11;16;2;1;5;3;11;2;2;2;1;4;4
1709182;03/11/2019;0000000000000000002d8c733d59a05b4;2;5;13;11;16;2;1;5;1;27;2;2;2;1;4;4
1709183;03/11/2019;0000000000000000002d8c733d59a05b4;2;5;13;11;16;2;1;5;2;21;2;2;2;1;4;4
1709184;03/11/2019;0000000000000000002d8c733d59a05b4;2;5;13;11;16;2;1;5;1;12;2;2;2;1;4;4
1709185;03/11/2019;0000000000000000002d8c733d59a05b4;2;5;13;11;16;2;1;5;2;10;2;2;2;1;4;4
1709186;03/11/2019;0000000000000000002d8cb4c5ddc05df;2;1;29;13;25;1;1;1;1;27;2;2;2;1;13;15
1709187;03/11/2019;0000000000000000002d8cb4c5ddc05df;2;1;29;13;25;1;1;1;1;26;2;2;2;1;13;15
1709188;03/11/2019;0000000000000000002d8cbd807fc05a3;2;1;29;8;11;2;1;1;1;12;102;183;2;1;4;4
1709189;03/11/2019;0000000000000000002d8cc1019f60596;2;3;21;13;32;1;1;2;1;26;11;25;145;1;19;24
1709190;03/11/2019;0000000000000000002d8cde437160592;2;3;13;28;34;2;1;1;1;10;2;2;2;1;2;2
1709191;03/11/2019;0000000000000000002d8ce70c97c05ac;3;1;25;25;25;1;1;0;1;26;2;2;2;1;2;2
1709192;03/11/2019;0000000000000000002d8ce70c97c05ac;3;1;25;25;25;1;1;0;1;27;2;2;2;1;2;2
1709193;03/11/2019;0000000000000000002d8cf21af4005d5;1;5;19;25;16;1;1;2;1;27;27;157;2;1;11;59
1709194;03/11/2019;0000000000000000002d8cf21af4005d5;1;5;19;25;16;1;1;2;3;26;27;157;2;1;11;59
1709195;03/11/2019;0000000000000000002d8cf6271ac0596;1;5;19;3;16;2;1;5;1;16;2;2;2;1;9;20
1709196;03/11/2019;0000000000000000002d8cf6271ac0596;1;5;19;3;16;2;1;5;1;23;2;2;2;1;9;20
1709197;03/11/2019;0000000000000000002d8cfa9a2920580;2;2;13;25;25;2;1;1;1;12;2;2;2;1;4;4
1709198;03/11/2019;0000000000000000002d8cfc19f840596;1;7;32;19;21;2;1;1;1;28;11;27;23;1;3;3
1709199;03/11/2019;0000000000000000002d8d184a58c05b6;3;1;25;25;25;1;1;1;1;18;2;2;2;1;4;4
1709200;03/11/2019;0000000000000000002d8d59ef9be05a8;1;7;21;19;28;2;1;2;1;17;27;251;2;1;4;4
1709201;03/11/2019;0000000000000000002d8d66db37a05c7;1;7;21;26;23;2;1;2;1;26;48;17;21;1;4;4
1709202;03/11/2019;0000000000000000002d8d6cab5be05bc;2;3;21;26;34;2;1;3;1;26;11;26;43;1;4;4
1709203;03/11/2019;0000000000000000002d8d713c0140101;1;2;26;11;25;2;1;1;1;10;26;2;2;1;13;15
1709204;03/11/2019;0000000000000000002d8d8182ce205ae;1;7;19;21;32;1;1;5;1;27;11;100;203;1;25;101
1709205;03/11/2019;0000000000000000002d8d930329605b6;2;3;13;18;23;2;1;1;1;27;2;2;2;1;4;4
1709206;03/11/2019;0000000000000000002d8d9f318b805d5;2;1;3;8;6;2;1;1;1;27;42;80;2;1;11;18
1709207;03/11/2019;0000000000000000002d8da3025fa05c2;2;6;26;31;29;2;1;5;1;10;14;43;27;1;4;4
1709208;03/11/2019;0000000000000000002d8dacfd9260595;2;1;33;29;25;2;1;5;1;21;2;2;2;1;3;3
1709209;03/11/2019;0000000000000000002d8dae5930c05df;1;5;19;33;17;2;1;1;1;18;251;118;2;1;13;60
1709210;03/11/2019;0000000000000000002d8daeb8fd20593;1;4;32;18;7;2;1;1;1;26;11;2;2;1;4;4
1709211;03/11/2019;0000000000000000002d8db03afd605d4;2;1;21;13;33;2;1;2;1;26;25;40;203;1;2;31
1709212;03/11/2019;0000000000000000002d8db34ecd405c8;2;5;26;18;33;2;1;5;1;12;4;48;118;1;4;4
1709213;03/11/2019;0000000000000000002d8db4953ca0583;1;3;27;26;29;1;1;2;2;14;18;25;115;1;3;3
1709214;03/11/2019;0000000000000000002d8db8bf93005af;2;6;13;29;35;2;1;1;1;15;49;164;35;1;4;4
1709215;03/11/2019;0000000000000000002d8dba6e05a0131;3;1;25;25;25;2;1;1;1;20;2;2;2;1;13;15
1709216;03/11/2019;0000000000000000002d8dbb1a2d005cb;1;4;25;25;25;3;1;4;2;20;2;2;2;1;2;48
1709217;03/11/2019;0000000000000000002d8dc4712fe05de;2;5;33;26;8;2;1;2;1;26;2;2;2;1;2;2
1709218;03/11/2019;0000000000000000002d8dcd7093c05da;2;1;11;26;34;2;1;1;1;27;26;43;2;1;5;26
1709219;03/11/2019;0000000000000000002d8de6aaa5c05c3;1;2;7;28;25;2;1;5;1;28;2;2;2;1;4;4
1709220;03/11/2019;0000000000000000002d8de811528018d;1;1;31;35;16;2;1;3;1;27;222;15;2;5;16;21
1709221;03/11/2019;0000000000000000002d8df20260e0590;2;1;34;35;13;2;1;2;1;26;2;2;2;1;11;18
1709222;03/11/2019;0000000000000000002d8dfbd621e0580;3;1;25;25;25;1;1;1;3;27;2;2;2;1;2;2
1709223;03/11/2019;0000000000000000002d8dfd2dd8a05a7;2;3;26;11;19;2;1;5;1;14;43;100;131;1;1;5
1709224;03/11/2019;0000000000000000002d8e0eb88f805a3;2;2;13;25;25;2;1;1;1;26;2;2;2;1;13;15
1709225;03/11/2019;0000000000000000002d8e0fcb78205e3;3;1;25;25;25;2;1;1;1;27;2;2;2;1;4;4
1709226;03/11/2019;0000000000000000002d8e11921a00226;2;2;13;26;16;2;1;1;2;20;2;2;2;1;2;104
1709227;03/11/2019;0000000000000000002d8e1aae2640598;1;2;3;28;19;2;1;5;1;16;11;27;9;1;6;37
1709228;03/11/2019;0000000000000000002d8e3eb6f9e05b2;1;2;26;30;3;1;1;4;1;26;2;2;2;1;4;4
1709229;03/11/2019;0000000000000000002d8e3eb6f9e05b2;1;2;26;30;3;1;1;4;1;27;2;2;2;1;4;4
1709230;03/11/2019;0000000000000000002d8e3eb6f9e05b2;1;2;26;30;3;1;2;4;1;26;2;2;2;1;4;4
1709231;03/11/2019;0000000000000000002d8e41090fa05a2;3;1;25;25;25;1;1;0;1;26;2;2;2;1;11;51
1709232;03/11/2019;0000000000000000002d8e44a065c05c6;2;1;29;27;30;2;1;3;1;28;2;2;2;1;4;4
1709233;03/11/2019;0000000000000000002d8e46288aa0598;2;1;35;29;23;2;1;1;2;27;2;2;2;1;7;54
1709234;03/11/2019;0000000000000000002d8e5da5e760582;2;1;29;13;34;2;1;1;1;17;36;2;2;5;16;21
1709235;03/11/2019;0000000000000000002d8e6044472058d;3;1;25;25;25;2;1;1;2;28;2;2;2;5;16;21
1709236;03/11/2019;0000000000000000002d8e6044472058d;3;1;25;25;25;2;2;1;2;28;2;2;2;5;16;21
1709237;03/11/2019;0000000000000000002d8e7d74656058e;3;1;25;25;25;2;1;3;1;26;2;2;2;1;3;3
1709238;03/11/2019;0000000000000000002d8e7d74656058e;3;1;25;25;25;2;1;3;2;27;2;2;2;1;3;3
1709239;03/11/2019;0000000000000000002d8e9bea02a05c1;2;1;17;33;7;2;1;1;2;27;61;2;2;1;9;20
1709240;03/11/2019;0000000000000000002d8ea7f268605c2;2;1;29;26;33;2;1;2;1;27;43;26;2;1;25;47
1709241;03/11/2019;0000000000000000002d8eaa0295e0586;2;6;21;26;32;2;1;5;1;26;102;11;118;1;7;8
1709242;03/11/2019;0000000000000000002d8eb237302059c;1;3;18;32;3;2;1;2;1;18;4;72;2;1;4;4
1709243;03/11/2019;0000000000000000002d8eb6c7b6a05a8;3;1;25;25;25;2;1;1;1;23;2;2;2;1;4;4
1709244;03/11/2019;0000000000000000002d8eba1982a0262;2;7;22;21;18;2;1;2;1;11;3;2;2;1;7;8
1709245;03/11/2019;0000000000000000002d8ebd941260229;2;1;26;28;7;2;1;2;1;13;12;2;2;1;2;2
1709246;03/11/2019;0000000000000000002d8ebda9cc00594;3;1;25;25;25;2;1;1;2;27;2;2;2;1;4;4
1709247;03/11/2019;0000000000000000002d8ec0bc84205c6;1;5;32;19;31;2;1;5;1;14;11;27;6;1;3;3
1709248;03/11/2019;0000000000000000002d8ec27821a0146;1;2;31;11;3;2;1;1;1;27;152;90;2;1;7;8
1709249;03/11/2019;0000000000000000002d8ed17193205d4;1;1;30;29;25;2;1;4;1;26;2;2;2;1;2;2
1709250;03/11/2019;0000000000000000002d8ed17193205d4;1;1;30;29;25;2;1;4;2;27;2;2;2;1;2;2
1709251;03/11/2019;0000000000000000002d8edf960f205d9;1;5;19;21;31;2;1;5;1;10;67;25;15;1;4;4
1709252;03/11/2019;0000000000000000002d8ee0332e0058b;3;1;25;25;25;1;1;0;5;27;2;2;2;1;32;77
1709253;03/11/2019;0000000000000000002d8ef06804805b1;2;4;26;23;21;2;1;2;1;11;14;15;118;1;7;8
1709254;03/11/2019;0000000000000000002d8efa87f98059b;3;1;25;25;25;2;1;1;1;19;2;2;2;1;13;60
1709255;03/11/2019;0000000000000000002d8f02eb04e05ae;1;4;26;31;8;1;1;1;1;28;38;26;63;1;19;24
1709256;03/11/2019;0000000000000000002d8f02eb04e05ae;1;4;26;31;8;1;1;1;1;15;38;26;63;1;19;24
1709257;03/11/2019;0000000000000000002d8f07a6c4405a9;3;1;25;25;25;1;1;1;2;27;2;2;2;26;46;122
1709258;03/11/2019;0000000000000000002d8f189c65405ce;2;1;29;6;34;2;1;1;1;26;19;134;5;1;4;4
1709259;03/11/2019;0000000000000000002d8f189c65405ce;2;1;29;6;34;2;1;1;1;27;19;134;5;1;4;4
1709260;03/11/2019;0000000000000000002d8f3f4b67c0592;3;1;25;25;25;1;1;3;1;27;2;2;2;1;3;3
1709261;03/11/2019;0000000000000000002d8f402254e05d0;1;1;16;25;33;2;1;3;1;26;32;182;9;1;4;4
1709262;03/11/2019;0000000000000000002d8f52389340139;1;1;33;25;25;2;1;2;1;12;2;2;2;1;4;4
1709263;03/11/2019;0000000000000000002d8f5f7ff2c011c;1;3;23;18;25;2;1;5;1;26;2;2;2;1;2;2
1709264;03/11/2019;0000000000000000002d8f60905ba0598;1;7;16;32;18;2;1;3;1;10;11;33;63;1;31;72
1709265;03/11/2019;0000000000000000002d8f68dd58605d0;1;5;19;33;17;2;1;1;1;12;251;118;2;1;2;2
1709266;03/11/2019;0000000000000000002d8f877448005d1;3;1;25;25;25;2;1;0;1;26;2;2;2;1;7;71
1709267;03/11/2019;0000000000000000002d8f9058e44015e;2;5;26;23;33;2;1;2;1;25;43;132;118;1;9;10
1709268;03/11/2019;0000000000000000002d8f9f39d380596;2;6;33;26;29;2;1;5;2;26;43;47;103;1;3;3
1709269;03/11/2019;0000000000000000002d8f9f39d380596;2;6;33;26;29;2;1;5;1;11;43;47;103;1;3;3
1709270;03/11/2019;0000000000000000002d8fa6542ac05d7;3;1;25;25;25;2;1;1;1;11;2;2;2;1;4;4
1709271;03/11/2019;0000000000000000002d8fac62c9c0594;2;2;13;25;25;2;1;1;2;27;2;2;2;2;8;9
1709272;03/11/2019;0000000000000000002d8fb8ebf1c0595;2;1;26;33;8;2;1;4;1;26;26;43;48;1;4;4
1709273;03/11/2019;0000000000000000002d8fc5cde040581;2;6;33;13;29;2;1;2;1;25;2;2;2;1;4;4
1709274;03/11/2019;0000000000000000002d8fdf45cc0058f;2;2;23;26;16;2;1;5;1;10;2;2;2;1;4;4
1709275;03/11/2019;0000000000000000002d8fe848fac0589;1;5;19;25;25;2;1;4;2;23;157;2;2;1;4;4
1709276;03/11/2019;0000000000000000002d8ff50f71401a6;2;1;26;34;33;2;1;5;1;27;48;132;43;1;4;4
1709277;03/11/2019;0000000000000000002d9004db40c05e3;3;1;25;25;25;1;1;1;1;26;2;2;2;1;11;59
1709278;03/11/2019;0000000000000000002d90091c28605ac;2;1;13;34;35;2;1;1;4;26;2;2;2;1;2;2
1709279;03/11/2019;0000000000000000002d900a0517605b9;1;2;19;26;16;1;1;1;1;27;2;2;2;1;2;2
1709280;03/11/2019;0000000000000000002d900a0517605b9;1;2;19;26;16;1;1;1;1;26;2;2;2;1;2;2
1709281;03/11/2019;0000000000000000002d900a0517605b9;1;2;19;26;16;1;1;1;1;22;2;2;2;1;2;2
1709282;03/11/2019;0000000000000000002d900b446d2059f;3;1;25;25;25;2;1;0;1;26;2;2;2;1;2;2
1709283;03/11/2019;0000000000000000002d900b79f4205be;2;1;29;21;33;2;1;1;1;27;14;2;2;5;16;21
1709284;03/11/2019;0000000000000000002d900c51bb00593;3;1;25;25;25;2;1;1;2;27;2;2;2;5;16;21
1709285;03/11/2019;0000000000000000002d9015d12500255;2;2;13;26;33;2;1;1;1;22;2;2;2;1;4;4
1709286;03/11/2019;0000000000000000002d9017aa93805d5;3;1;25;25;25;1;1;0;2;26;2;2;2;1;3;3
1709287;03/11/2019;0000000000000000002d901b21b3a05b1;3;1;25;25;25;2;1;1;2;14;2;2;2;1;13;15
1709288;03/11/2019;0000000000000000002d901b21b3a05b1;3;1;25;25;25;2;2;1;1;14;2;2;2;1;13;15
1709289;03/11/2019;0000000000000000002d902511f6e05ac;1;1;30;18;25;2;1;1;1;21;2;2;2;1;4;4
1709290;03/11/2019;0000000000000000002d90284aca605c1;1;5;19;25;25;2;1;1;1;22;22;2;2;1;25;98
1709291;03/11/2019;0000000000000000002d903c5ed02058c;2;1;29;18;34;2;1;1;2;26;124;125;47;1;3;3
1709292;03/11/2019;0000000000000000002d903c5ed02058c;2;1;29;18;34;2;1;1;2;27;124;125;47;1;3;3
1709293;03/11/2019;0000000000000000002d9046a8a5e05d1;1;6;27;28;29;1;1;2;1;26;2;2;2;1;5;79
1709294;03/11/2019;0000000000000000002d90678190805ac;2;1;21;32;31;2;1;3;1;18;11;184;61;1;4;4
1709295;03/11/2019;0000000000000000002d908d9d2960596;3;1;25;25;25;2;1;1;1;27;2;2;2;3;14;17
1709296;03/11/2019;0000000000000000002d908ddbc4805ae;2;3;23;32;33;2;1;5;1;26;26;14;11;1;4;4
1709297;03/11/2019;0000000000000000002d90b217f0a0208;3;1;25;25;25;2;1;1;1;20;2;2;2;1;4;4
1709298;03/11/2019;0000000000000000002d90d6ddf640587;2;1;8;18;28;1;1;3;1;27;127;2;2;1;4;4
1709299;03/11/2019;0000000000000000002d90dd14e6e05a9;1;3;3;13;26;2;1;3;1;26;134;231;3;5;16;21
1709300;03/11/2019;0000000000000000002d90dd14e6e05a9;1;3;3;13;26;2;1;3;2;27;134;231;3;5;16;21
1709301;03/11/2019;0000000000000000002d90e452cfe05ba;3;1;25;25;25;2;1;3;1;27;2;2;2;1;4;4
1709302;03/11/2019;0000000000000000002d90e84218e05c4;1;2;19;32;26;2;1;3;1;16;11;26;43;1;2;2
1709303;03/11/2019;0000000000000000002d910962aac014e;3;1;25;25;25;2;1;0;1;27;2;2;2;1;7;8
1709304;03/11/2019;0000000000000000002d91106011605bc;2;4;17;23;33;2;1;2;1;27;15;131;100;14;33;76
1709305;03/11/2019;0000000000000000002d9136b4d2a058b;2;1;33;29;23;2;1;5;1;17;43;26;2;1;2;2
1709306;03/11/2019;0000000000000000002d9136b4d2a058b;2;1;33;29;23;2;1;5;1;26;43;26;2;1;2;2
1709307;03/11/2019;0000000000000000002d91479ac3005d5;2;6;22;11;29;2;1;5;1;22;43;26;2;1;4;4
1709308;03/11/2019;0000000000000000002d914e9a18a05af;1;2;26;17;25;2;1;5;1;26;2;2;2;1;2;2
1709309;03/11/2019;0000000000000000002d9152ef3920580;2;1;26;13;34;2;1;2;1;26;26;43;2;1;4;4
1709310;03/11/2019;0000000000000000002d91578605c05c0;2;4;17;13;23;2;1;2;1;12;145;60;2;1;4;4
1709311;03/11/2019;0000000000000000002d916019f1205b1;1;5;16;23;33;2;1;4;1;21;2;2;2;1;13;15
1709312;03/11/2019;0000000000000000002d9160986cc05cb;2;4;18;21;27;1;1;5;1;22;4;14;11;1;4;4
1709313;03/11/2019;0000000000000000002d9169f09c005a4;1;7;3;31;21;1;1;2;1;26;11;259;184;2;8;9
1709314;03/11/2019;0000000000000000002d917b85e0a058f;3;1;25;25;25;2;1;1;1;18;2;2;2;1;2;2
1709315;03/11/2019;0000000000000000002d9198b0bf405e0;2;2;26;32;33;2;1;2;1;27;8;114;11;1;4;4
1709316;03/11/2019;0000000000000000002d919d96c84059f;2;2;13;16;25;2;1;1;1;24;2;2;2;1;3;3
1709317;03/11/2019;0000000000000000002d91a3c0eee05c4;3;1;25;25;25;2;1;5;1;27;2;2;2;1;4;4
1709318;03/11/2019;0000000000000000002d91a90291805a2;3;1;25;25;25;2;1;1;1;27;2;2;2;1;4;4
1709319;03/11/2019;0000000000000000002d91a90291805a2;3;1;25;25;25;2;1;1;1;26;2;2;2;1;4;4
1709320;03/11/2019;0000000000000000002d91deb0efa05c3;2;3;13;21;26;2;1;1;1;24;200;7;146;1;4;4
1709321;03/11/2019;0000000000000000002d91e634f62059a;2;1;29;25;25;2;1;2;1;25;2;2;2;1;32;73
1709322;03/11/2019;0000000000000000002d91f1de71e05cb;3;1;25;25;25;2;1;0;2;26;2;2;2;1;4;4
1709323;03/11/2019;0000000000000000002d91f1de71e05cb;3;1;25;25;25;2;1;0;3;27;2;2;2;1;4;4
1709324;03/11/2019;0000000000000000002d91f99173e05df;1;5;31;21;3;2;1;4;1;17;23;45;42;1;4;4
1709325;03/11/2019;0000000000000000002d91fd4b19e0585;1;5;19;33;25;2;1;5;1;10;27;2;2;1;4;4
1709326;03/11/2019;0000000000000000002d9201a5e7205a9;1;7;32;21;26;1;1;4;1;21;11;7;67;1;4;4
1709327;03/11/2019;0000000000000000002d920b396c605a4;3;1;25;25;25;2;1;1;1;11;2;2;2;1;4;4
1709328;03/11/2019;0000000000000000002d920ba391605d9;1;1;35;31;3;2;1;3;1;23;20;193;172;1;5;128
1709329;03/11/2019;0000000000000000002d921652a7c058f;2;1;25;16;29;2;1;2;1;10;32;9;2;1;11;93
1709330;03/11/2019;0000000000000000002d921652a7c058f;2;1;25;16;29;2;1;2;1;12;32;9;2;1;11;93
1709331;03/11/2019;0000000000000000002d9221b4df005b4;3;1;25;25;25;2;1;1;1;26;2;2;2;1;2;25
1709332;03/11/2019;0000000000000000002d922bbd09c05a6;3;1;25;25;25;2;1;1;1;26;2;2;2;2;8;9
1709333;03/11/2019;0000000000000000002d922ee950805c4;3;1;25;25;25;2;1;0;1;14;2;2;2;1;4;4
1709334;03/11/2019;0000000000000000002d92302847c0254;1;5;19;23;21;2;2;2;1;11;27;14;5;1;4;4
1709335;03/11/2019;0000000000000000002d92302847c0254;1;5;19;23;21;2;1;2;1;11;27;14;5;1;4;4
1709336;03/11/2019;0000000000000000002d9243a14bc05da;2;1;29;18;8;2;1;3;1;10;4;2;2;1;11;51
1709337;03/11/2019;0000000000000000002d924be84ea05ca;2;2;13;25;25;2;1;1;1;27;2;2;2;1;2;2
1709338;03/11/2019;0000000000000000002d926cab3ae05b0;3;1;25;25;25;2;1;1;1;19;2;2;2;1;4;4
1709339;03/11/2019;0000000000000000002d929376bd60133;2;1;29;33;25;2;1;1;1;27;2;2;2;1;4;4
1709340;03/11/2019;0000000000000000002d9293e380e058d;1;2;31;22;26;2;1;2;1;11;26;2;2;1;13;15
1709341;03/11/2019;0000000000000000002d9296b0cdc05a9;3;1;25;25;25;2;1;4;1;22;2;2;2;1;4;4
1709342;03/11/2019;0000000000000000002d929a06064059a;2;2;13;16;25;2;1;2;1;19;2;2;2;1;4;4
1709343;03/11/2019;0000000000000000002d929d2374405d9;3;1;25;25;25;1;1;1;1;26;2;2;2;1;4;4
1709344;03/11/2019;0000000000000000002d929d2374405d9;3;1;25;25;25;1;1;1;1;14;2;2;2;1;4;4
1709345;03/11/2019;0000000000000000002d92a0d4efe058e;1;7;21;32;26;1;1;3;1;27;11;44;15;1;4;4
1709346;03/11/2019;0000000000000000002d92ad2cfdc0586;2;1;29;23;33;2;1;5;1;11;2;2;2;1;3;3
1709347;03/11/2019;0000000000000000002d92b87576005c5;1;7;19;21;23;2;1;5;1;27;11;3;15;5;16;21
1709348;03/11/2019;0000000000000000002d92b87576005c5;1;7;19;21;23;2;1;5;1;23;11;3;15;5;16;21
1709349;03/11/2019;0000000000000000002d92b87576005c5;1;7;19;21;23;2;1;5;2;16;11;3;15;5;16;21
1709350;03/11/2019;0000000000000000002d92bd941ce0139;3;1;25;25;25;2;1;1;3;10;2;2;2;5;16;21
1709351;03/11/2019;0000000000000000002d92bf68e8405e1;2;6;21;29;23;2;1;1;1;26;26;114;60;1;4;4
1709352;03/11/2019;0000000000000000002d92c0295c0058b;2;6;26;23;29;2;1;5;1;11;182;211;2;1;4;4
1709353;03/11/2019;0000000000000000002d92c4dfda005b6;1;7;32;23;7;2;1;4;1;27;11;118;3;1;2;48
1709354;03/11/2019;0000000000000000002d92c76eaae05b9;1;5;7;16;25;2;1;1;1;20;2;2;2;1;5;26
1709355;03/11/2019;0000000000000000002d92d12635e059e;2;2;13;16;25;2;1;1;1;11;2;2;2;1;4;4
1709356;03/11/2019;0000000000000000002d92df481ae01d8;1;3;16;25;21;2;1;5;1;17;9;10;29;1;9;20
1709357;03/11/2019;0000000000000000002d93140cdbc0581;3;1;25;25;25;2;1;1;2;11;2;2;2;1;2;2
1709358;03/11/2019;0000000000000000002d9359352120181;3;1;25;25;25;2;1;0;1;13;2;2;2;1;7;8
1709359;03/11/2019;0000000000000000002d935f09c9a021a;3;1;25;25;25;2;1;1;1;11;2;2;2;1;2;48
1709360;03/11/2019;0000000000000000002d9366298d805bd;2;1;34;16;35;2;1;4;1;17;2;2;2;1;3;3
1709361;03/11/2019;0000000000000000002d936cbfa5a0586;1;4;7;25;25;2;1;2;1;21;2;2;2;1;10;159
1709362;03/11/2019;0000000000000000002d9371deb2805ac;3;1;25;25;25;2;1;1;1;20;2;2;2;1;2;2
1709363;03/11/2019;0000000000000000002d9373887300591;2;2;13;25;25;2;1;1;2;26;2;2;2;1;2;2
1709364;03/11/2019;0000000000000000002d937fe238a058c;2;3;26;21;33;2;1;2;1;18;11;44;27;1;3;3
1709365;03/11/2019;0000000000000000002d93919bf9805c5;3;1;25;25;25;2;1;3;1;14;2;2;2;1;4;4
1709366;03/11/2019;0000000000000000002d93bbd2ea6058c;1;7;32;23;21;2;1;5;1;19;11;45;12;1;4;4
1709367;03/11/2019;0000000000000000002d93d6b75b205a3;1;5;31;28;21;2;1;2;1;27;97;12;198;1;3;3
1709368;03/11/2019;0000000000000000002d93dc2bb1605b2;2;1;26;34;21;1;1;3;1;14;38;2;2;1;13;15
1709369;03/11/2019;0000000000000000002d93e55302805da;2;1;16;29;19;2;1;5;1;27;2;2;2;1;20;86
1709370;03/11/2019;0000000000000000002d9414af70a05b0;1;3;23;25;25;2;2;1;1;17;2;2;2;1;13;15
1709371;03/11/2019;0000000000000000002d9414af70a05b0;1;3;23;25;25;2;1;1;2;17;2;2;2;1;13;15
1709372;03/11/2019;0000000000000000002d9424d41080586;3;1;25;25;25;2;1;1;1;12;2;2;2;1;4;4
1709373;03/11/2019;0000000000000000002d942896b9c0590;3;1;25;25;25;2;2;0;1;18;2;2;2;1;6;7
1709374;03/11/2019;0000000000000000002d942896b9c0590;3;1;25;25;25;2;1;0;1;18;2;2;2;1;6;7
1709375;03/11/2019;0000000000000000002d9429b577c05ac;1;4;32;31;23;1;1;4;1;27;38;11;3;1;5;63
1709376;03/11/2019;0000000000000000002d9429b577c05ac;1;4;32;31;23;1;1;4;2;13;38;11;3;1;5;63
1709377;03/11/2019;0000000000000000002d942a406280191;2;1;29;19;30;2;1;1;1;26;2;2;2;1;2;31
1709378;03/11/2019;0000000000000000002d942d3c4be013c;1;4;17;19;3;2;1;1;1;17;23;2;2;1;13;126
1709379;03/11/2019;0000000000000000002d9439e59160590;2;3;21;26;27;2;1;3;1;21;11;40;16;1;2;2
1709380;03/11/2019;0000000000000000002d946996cf00585;3;1;25;25;25;2;1;0;2;26;2;2;2;1;4;4
1709381;03/11/2019;0000000000000000002d947357754022e;1;7;21;19;18;2;1;1;1;13;45;53;2;1;5;63
1709382;03/11/2019;0000000000000000002d94837389205a5;1;5;19;30;25;1;1;5;1;10;2;2;2;1;11;51
1709383;03/11/2019;0000000000000000002d949e834a605c0;2;1;26;29;31;2;1;1;1;27;47;60;103;5;16;21
1709384;03/11/2019;0000000000000000002d94a7ed74605d7;3;1;25;25;25;1;1;0;1;27;2;2;2;1;3;3
1709385;03/11/2019;0000000000000000002d94a9ceeb205d7;3;1;25;25;25;2;1;1;1;13;2;2;2;1;5;99
1709386;03/11/2019;0000000000000000002d94b030a5205aa;2;1;18;29;13;2;1;5;1;10;9;49;99;1;5;63
1709387;03/11/2019;0000000000000000002d94b17b544058f;1;2;26;18;3;2;1;1;1;27;3;40;2;1;4;4
1709388;03/11/2019;0000000000000000002d94b17b544058f;1;2;26;18;3;2;2;1;1;27;3;40;2;1;4;4
1709389;03/11/2019;0000000000000000002d94b6a79ac05dc;2;1;6;21;33;2;1;1;2;26;3;2;2;1;31;72
1709390;03/11/2019;0000000000000000002d94b6a79ac05dc;2;1;6;21;33;2;1;1;1;27;3;2;2;1;31;72
1709391;03/11/2019;0000000000000000002d94c98eaec0599;1;5;19;31;33;1;1;5;1;28;100;17;2;1;9;20
1709392;03/11/2019;0000000000000000002d94cacaf3e05c5;3;1;25;25;25;2;1;1;1;17;2;2;2;1;7;8
1709393;03/11/2019;0000000000000000002d94d17560401bb;1;7;21;23;35;2;1;2;1;11;11;45;118;2;8;9
1709394;03/11/2019;0000000000000000002d94d32a1520163;1;5;13;18;29;2;1;2;1;27;118;122;2;1;4;4
1709395;03/11/2019;0000000000000000002d94da276300595;2;1;29;33;25;2;1;5;1;12;2;2;2;1;4;4
1709396;03/11/2019;0000000000000000002d94dbf01c405cf;3;1;25;25;25;2;1;1;1;15;2;2;2;1;2;25
1709397;03/11/2019;0000000000000000002d94ecce5cc058f;3;1;25;25;25;2;1;2;1;16;2;2;2;1;3;3
1709398;03/11/2019;0000000000000000002d951517ec4058f;2;6;29;13;28;1;1;5;2;26;35;37;2;1;3;3
1709399;03/11/2019;0000000000000000002d9520bc7be05de;1;1;19;29;23;2;1;1;4;24;24;124;2;1;2;2
1709400;03/11/2019;0000000000000000002d9522d50b00588;1;5;30;23;33;2;1;5;1;12;2;2;2;1;25;42
1709401;03/11/2019;0000000000000000002d9522d50b00588;1;5;30;23;33;2;1;5;2;10;2;2;2;1;25;42
1709402;03/11/2019;0000000000000000002d9522d50b00588;1;5;30;23;33;2;2;5;1;10;2;2;2;1;25;42
1709403;03/11/2019;0000000000000000002d9522d50b00588;1;5;30;23;33;2;1;5;1;27;2;2;2;1;25;42
1709404;03/11/2019;0000000000000000002d95353473a0590;1;5;19;18;33;2;1;2;1;16;53;2;2;1;1;28
1709405;03/11/2019;0000000000000000002d95375d1d60595;1;2;26;25;25;2;1;3;1;22;43;2;2;1;2;2
1709406;03/11/2019;0000000000000000002d954a7d8de05d9;2;2;13;35;25;2;1;1;1;10;2;2;2;1;3;3
1709407;03/11/2019;0000000000000000002d95669fe3605b5;3;1;25;25;25;1;1;1;2;26;2;2;2;1;13;60
1709408;03/11/2019;0000000000000000002d956cebff8058a;3;1;25;25;25;1;1;1;1;27;2;2;2;1;5;99
1709409;03/11/2019;0000000000000000002d95727797405c6;1;1;33;35;29;2;1;5;1;26;11;183;32;1;2;2
1709410;03/11/2019;0000000000000000002d95727797405c6;1;1;33;35;29;2;1;5;1;27;11;183;32;1;2;2
1709411;03/11/2019;0000000000000000002d9575d47b60594;2;5;13;11;28;2;1;2;1;22;84;9;99;1;5;26
1709412;03/11/2019;0000000000000000002d958f92aa605d1;2;6;31;16;23;2;1;5;1;26;37;2;2;1;25;75
1709413;03/11/2019;0000000000000000002d95b11c86205b7;3;1;25;25;25;2;1;2;2;16;2;2;2;1;2;2
1709414;03/11/2019;0000000000000000002d95c2c3cd405ce;1;5;31;27;28;1;1;1;1;27;2;2;2;1;13;15
1709415;03/11/2019;0000000000000000002d95c6393ee058d;3;1;25;25;25;2;1;1;1;13;2;2;2;1;4;4
1709416;03/11/2019;0000000000000000002d95ca1440605e3;2;7;26;21;7;2;1;1;1;19;11;4;100;1;4;4
1709417;03/11/2019;0000000000000000002d95dbfa43205b2;2;1;21;30;26;2;1;1;1;26;3;144;45;1;4;4
1709418;03/11/2019;0000000000000000002d95e63395a0580;3;1;25;25;25;2;1;1;2;26;2;2;2;1;4;4
1709419;03/11/2019;0000000000000000002d95e93684c0126;1;5;19;25;25;2;1;1;1;27;28;27;2;1;13;15
1709420;03/11/2019;0000000000000000002d95fdc4bfc05a7;3;1;25;25;25;2;1;1;1;26;2;2;2;1;3;3
1709421;03/11/2019;0000000000000000002d95fe21af00592;2;3;13;35;16;2;1;1;1;21;2;2;2;1;2;2
1709422;03/11/2019;0000000000000000002d960f0643205b5;2;2;13;16;25;2;1;1;1;26;2;2;2;1;3;3
1709423;03/11/2019;0000000000000000002d96305bfda05b9;3;1;25;25;25;2;1;0;1;22;2;2;2;1;4;4
1709424;03/11/2019;0000000000000000002d964c3167c058a;3;1;25;25;25;2;1;2;1;22;2;2;2;1;9;10
1709425;03/11/2019;0000000000000000002d965c78086013f;2;1;29;13;35;2;1;1;2;26;36;2;2;1;11;51
1709426;03/11/2019;0000000000000000002d96605ad9e0586;1;2;3;19;26;3;1;1;1;11;26;131;199;1;19;41
1709427;03/11/2019;0000000000000000002d9669434d6059d;1;1;11;30;19;2;1;2;2;10;40;21;2;1;4;4
1709428;03/11/2019;0000000000000000002d966a7800a05b8;2;1;33;29;25;2;1;1;1;27;125;24;2;1;4;4
1709429;03/11/2019;0000000000000000002d966babad2059e;3;1;25;25;25;2;1;1;1;26;2;2;2;1;4;4
1709430;03/11/2019;0000000000000000002d966babad2059e;3;1;25;25;25;2;1;1;1;27;2;2;2;1;4;4
1709431;03/11/2019;0000000000000000002d9674170dc05af;2;3;31;26;29;1;1;4;1;27;220;132;37;1;32;73
1709432;03/11/2019;0000000000000000002d967ea32ac0152;2;2;13;16;35;2;1;1;1;26;2;2;2;1;13;15
1709433;03/11/2019;0000000000000000002d96878e8d0059c;2;1;33;34;31;2;1;4;2;26;94;43;29;1;2;48
1709434;03/11/2019;0000000000000000002d96878e8d0059c;2;1;33;34;31;2;1;4;1;27;94;43;29;1;2;48
1709435;03/11/2019;0000000000000000002d969773fe405b7;3;1;25;25;25;1;1;1;1;26;2;2;2;1;19;24
1709436;03/11/2019;0000000000000000002d969821b8005ad;2;1;29;13;16;2;1;1;1;20;35;2;2;1;4;4
1709437;03/11/2019;0000000000000000002d969bc093a05db;3;1;25;25;25;2;1;1;1;21;2;2;2;1;4;4
1709438;03/11/2019;0000000000000000002d969bc093a05db;3;1;25;25;25;2;1;1;1;17;2;2;2;1;4;4
1709439;03/11/2019;0000000000000000002d969daf45c05bf;3;1;25;25;25;2;1;1;1;26;2;2;2;1;2;2
1709440;03/11/2019;0000000000000000002d969dfefc405c7;1;1;21;32;18;2;1;2;1;13;11;2;2;1;2;2
1709441;03/11/2019;0000000000000000002d96b9106d005e2;3;1;25;25;25;2;1;1;1;17;2;2;2;1;2;43
1709442;03/11/2019;0000000000000000002d96b9106d005e2;3;1;25;25;25;2;1;1;1;12;2;2;2;1;2;43
1709443;03/11/2019;0000000000000000002d96bb143e20592;3;1;25;25;25;2;1;2;1;27;2;2;2;1;4;4
1709444;03/11/2019;0000000000000000002d96bbe42bc058f;2;2;13;16;35;2;1;1;1;10;2;2;2;1;2;43
1709445;03/11/2019;0000000000000000002d96c2d2a120581;3;1;25;25;25;2;1;1;1;20;2;2;2;1;3;3
1709446;03/11/2019;0000000000000000002d96c2d2a120581;3;1;25;25;25;2;1;1;5;19;2;2;2;1;3;3
1709447;03/11/2019;0000000000000000002d970c21d36059b;3;1;25;25;25;2;1;1;1;11;2;2;2;1;4;4
1709448;03/11/2019;0000000000000000002d970cd6b5e020f;3;1;25;25;25;2;1;0;2;18;2;2;2;1;4;4
1709449;03/11/2019;0000000000000000002d970e63b2c05e1;3;1;25;25;25;2;1;0;1;11;2;2;2;1;9;10
1709450;03/11/2019;0000000000000000002d97117221a05d3;1;6;26;35;30;2;1;2;1;19;2;2;2;1;4;4
1709451;03/11/2019;0000000000000000002d971270d9c05b3;3;1;25;25;25;1;1;0;1;27;2;2;2;1;1;40
1709452;03/11/2019;0000000000000000002d97209950c05b3;2;4;7;17;27;2;1;5;1;10;2;2;2;1;2;2
1709453;03/11/2019;0000000000000000002d972d3975e05b1;2;2;3;26;6;2;1;5;1;18;2;2;2;1;2;58
1709454;03/11/2019;0000000000000000002d972fdaca00598;2;5;26;16;23;2;1;5;1;11;43;2;2;5;16;21
1709455;03/11/2019;0000000000000000002d972fdaca00598;2;5;26;16;23;2;1;5;2;26;43;2;2;5;16;21
1709456;03/11/2019;0000000000000000002d972fdaca00598;2;5;26;16;23;2;1;5;1;27;43;2;2;5;16;21
1709457;03/11/2019;0000000000000000002d973aac4d0058f;1;2;21;32;31;1;1;5;1;27;11;30;132;1;4;4
1709458;03/11/2019;0000000000000000002d975583606011b;2;1;29;21;35;2;1;2;2;27;92;11;17;1;4;4
1709459;03/11/2019;0000000000000000002d9758bc9140582;2;4;23;11;30;2;2;1;1;10;217;2;2;1;4;4
1709460;03/11/2019;0000000000000000002d9758bc9140582;2;4;23;11;30;2;1;1;2;10;217;2;2;1;4;4
1709461;03/11/2019;0000000000000000002d97601f6fe05d3;2;5;33;23;29;2;1;4;1;11;2;2;2;1;4;4
1709462;03/11/2019;0000000000000000002d976a6ca6805b8;1;2;26;33;17;2;1;3;1;26;43;26;2;1;4;4
1709463;03/11/2019;0000000000000000002d976bfd7e405a5;1;5;13;28;21;2;1;3;1;22;14;2;2;1;2;2
1709464;03/11/2019;0000000000000000002d9774dd5e205cf;2;1;29;33;30;2;1;1;1;26;124;2;2;5;16;21
1709465;03/11/2019;0000000000000000002d97a31c89805bf;2;6;23;22;32;2;1;5;1;27;43;139;26;1;13;15
1709466;03/11/2019;0000000000000000002d97a5051da05aa;1;7;21;32;27;2;1;2;1;27;11;64;117;1;4;4
1709467;03/11/2019;0000000000000000002d97b3525be05aa;2;1;26;13;34;2;1;3;1;26;16;48;89;1;25;47
1709468;03/11/2019;0000000000000000002d97b66d1c60597;1;2;26;19;25;1;1;5;1;26;2;2;2;1;3;3
1709469;03/11/2019;0000000000000000002d97be5079e05b2;3;1;25;25;25;2;1;0;1;19;2;2;2;1;4;4
1709470;03/11/2019;0000000000000000002d97dad359c05a3;3;1;25;25;25;1;1;0;1;27;2;2;2;1;1;5
1709471;03/11/2019;0000000000000000002d97e3664ac05a5;3;1;25;25;25;2;1;1;1;19;2;2;2;1;2;2
1709472;03/11/2019;0000000000000000002d97ee4b18005d5;1;6;23;31;29;2;1;1;1;26;2;2;2;1;4;4
1709473;03/11/2019;0000000000000000002d97f28731c05b3;1;3;11;31;21;2;1;5;1;27;103;2;2;1;13;15
1709474;03/11/2019;0000000000000000002d97f409a6405bd;2;1;17;34;25;2;1;1;1;11;2;2;2;1;4;4
1709475;03/11/2019;0000000000000000002d97f86423e0580;1;5;23;30;25;2;1;2;1;22;2;2;2;1;7;8
1709476;03/11/2019;0000000000000000002d97fd8877a05b7;1;2;31;34;16;2;1;5;2;27;87;118;26;1;4;4
1709477;03/11/2019;0000000000000000002d98002c3dc058e;1;7;21;28;32;2;1;4;1;18;11;3;15;1;13;60
1709478;03/11/2019;0000000000000000002d981553856012b;3;1;25;25;25;2;1;1;1;11;2;2;2;1;19;24
1709479;03/11/2019;0000000000000000002d9843bc39801ac;1;1;35;25;25;2;1;1;1;17;32;2;2;1;2;48
1709480;03/11/2019;0000000000000000002d985f2385205bd;2;6;26;29;19;2;1;2;1;26;2;2;2;1;4;4
1709481;03/11/2019;0000000000000000002d986f48b2005b5;3;1;25;25;25;2;1;1;2;20;2;2;2;1;2;2
1709482;03/11/2019;0000000000000000002d987371fc405d9;1;1;31;25;25;2;1;1;1;26;2;2;2;1;4;4
1709483;03/11/2019;0000000000000000002d98796e98c059c;1;5;19;11;25;2;1;2;1;20;27;2;2;5;16;21
1709484;03/11/2019;0000000000000000002d98796e98c059c;1;5;19;11;25;2;1;2;2;21;27;2;2;5;16;21
1709485;03/11/2019;0000000000000000002d98796e98c059c;1;5;19;11;25;2;1;2;1;22;27;2;2;5;16;21
1709486;03/11/2019;0000000000000000002d987e6c04e05a9;2;6;33;29;26;2;1;5;1;20;43;27;146;1;7;8
1709487;03/11/2019;0000000000000000002d98892604405a1;2;1;29;25;25;2;1;1;1;21;149;70;2;1;3;135
1709488;03/11/2019;0000000000000000002d988bd252c05b0;1;5;33;16;25;2;1;5;1;20;9;32;99;1;2;2
1709489;03/11/2019;0000000000000000002d988c577a60180;3;1;25;25;25;2;1;2;2;11;2;2;2;1;2;2
1709490;03/11/2019;0000000000000000002d98919dc6e05a4;3;1;25;25;25;2;1;1;1;17;2;2;2;1;4;4
1709491;03/11/2019;0000000000000000002d989680f4005a1;3;1;25;25;25;2;1;2;1;27;2;2;2;1;4;4
1709492;03/11/2019;0000000000000000002d989decc7605c0;2;1;21;26;32;1;1;2;1;27;14;11;242;1;13;15
1709493;03/11/2019;0000000000000000002d98a3743ce05d7;3;1;25;25;25;2;1;1;1;12;2;2;2;1;6;7
1709494;03/11/2019;0000000000000000002d98c2726dc05d8;2;1;26;11;34;2;1;1;1;27;2;2;2;1;3;3
1709495;03/11/2019;0000000000000000002d98ced4a1005c0;1;2;26;33;25;2;1;4;1;12;2;2;2;1;9;20
1709496;03/11/2019;0000000000000000002d98e503b8005b0;2;3;33;21;23;2;1;5;1;26;45;145;17;1;3;3
1709497;03/11/2019;0000000000000000002d98e5b618205e3;2;6;13;29;31;2;1;4;1;21;36;126;61;1;4;4
1709498;03/11/2019;0000000000000000002d98f47ede805d3;3;1;25;25;25;2;1;1;1;27;2;2;2;1;4;4
1709499;03/11/2019;0000000000000000002d98fdba13805ac;1;5;19;21;11;2;1;2;1;27;27;21;79;1;2;2
1709500;03/11/2019;0000000000000000002d98fdba13805ac;1;5;19;21;11;2;2;2;2;23;27;21;79;1;2;2
1709501;03/11/2019;0000000000000000002d98fdba13805ac;1;5;19;21;11;2;1;2;1;23;27;21;79;1;2;2
1709502;03/11/2019;0000000000000000002d9902c01300197;3;1;25;25;25;2;1;1;1;26;2;2;2;1;13;15
1709503;03/11/2019;0000000000000000002d990fdca7c0205;1;5;19;25;25;2;1;3;1;11;2;2;2;3;14;17
1709504;03/11/2019;0000000000000000002d9915b13d60184;2;5;26;22;11;1;1;5;1;22;48;100;2;1;2;25
1709505;03/11/2019;0000000000000000002d9922badce05a2;2;2;13;25;25;2;1;1;1;10;2;2;2;5;16;21
1709506;03/11/2019;0000000000000000002d9925e70fa05e0;3;1;25;25;25;1;1;0;2;17;2;2;2;1;2;2
1709507;03/11/2019;0000000000000000002d99268d5b2058e;1;1;3;31;21;2;1;5;1;21;42;198;103;1;4;4
1709508;03/11/2019;0000000000000000002d99298fe6001ce;2;1;11;16;35;2;1;2;1;25;2;2;2;1;2;2
1709509;03/11/2019;0000000000000000002d9935ddb5a05ac;3;1;25;25;25;2;1;1;1;14;2;2;2;1;7;8
1709510;03/11/2019;0000000000000000002d9943594ea05b0;3;1;25;25;25;2;1;3;1;26;2;2;2;1;11;51
1709511;03/11/2019;0000000000000000002d994bc1f500581;2;7;22;26;16;1;1;3;1;13;2;2;2;1;7;8
1709512;03/11/2019;0000000000000000002d9950765dc05e0;1;5;19;25;25;1;1;5;1;19;2;2;2;1;7;8
1709513;03/11/2019;0000000000000000002d9950765dc05e0;1;5;19;25;25;1;1;5;2;12;2;2;2;1;7;8
1709514;03/11/2019;0000000000000000002d9950765dc05e0;1;5;19;25;25;1;1;5;1;22;2;2;2;1;7;8
1709515;03/11/2019;0000000000000000002d99527d5f805e2;3;1;25;25;25;1;2;1;1;27;2;2;2;1;3;3
1709516;03/11/2019;0000000000000000002d99527d5f805e2;3;1;25;25;25;1;1;1;1;27;2;2;2;1;3;3
1709517;03/11/2019;0000000000000000002d995c900bc058f;1;1;11;25;25;2;1;2;1;22;2;2;2;1;4;4
1709518;03/11/2019;0000000000000000002d995ca8a7605cf;1;3;23;3;25;2;1;1;1;21;118;2;2;1;2;2
1709519;03/11/2019;0000000000000000002d995e66fa00589;1;5;16;19;25;2;1;2;1;26;27;28;157;1;13;45
1709520;03/11/2019;0000000000000000002d995e66fa00589;1;5;16;19;25;2;1;2;2;27;27;28;157;1;13;45
1709521;03/11/2019;0000000000000000002d9976d8a62059c;2;6;13;29;16;1;1;5;1;27;134;83;19;1;31;72
1709522;03/11/2019;0000000000000000002d99925198a058c;2;3;13;21;35;2;1;1;1;28;62;21;148;1;6;83
1709523;03/11/2019;0000000000000000002d9995c50f60197;1;1;8;35;28;2;1;5;1;12;2;2;2;1;5;26
1709524;03/11/2019;0000000000000000002d99ad407ba05e2;3;1;25;25;25;2;1;1;1;19;2;2;2;1;2;61
1709525;03/11/2019;0000000000000000002d99b071e5e05d8;2;5;11;26;23;2;1;5;1;10;43;26;2;1;1;1
1709526;03/11/2019;0000000000000000002d99b071e5e05d8;2;5;11;26;23;2;1;5;1;12;43;26;2;1;1;1
1709527;03/11/2019;0000000000000000002d99b6e17b605da;2;2;13;16;25;2;1;1;1;24;2;2;2;1;3;3
1709528;03/11/2019;0000000000000000002d99b6e17b605da;2;2;13;16;25;2;2;1;1;24;2;2;2;1;3;3
1709529;03/11/2019;0000000000000000002d99ba4c96a05e3;2;5;26;30;31;2;1;4;1;21;11;51;48;1;6;62
1709530;03/11/2019;0000000000000000002d99c5c337a05b0;2;5;19;26;11;1;1;5;3;23;26;37;8;1;3;3
1709531;03/11/2019;0000000000000000002d99c7a909c05e1;1;6;7;26;31;1;1;5;1;20;29;7;104;1;9;20
1709532;03/11/2019;0000000000000000002d99c7a909c05e1;1;6;7;26;31;1;1;5;1;22;29;7;104;1;9;20
1709533;03/11/2019;0000000000000000002d99c7a909c05e1;1;6;7;26;31;1;1;5;2;27;29;7;104;1;9;20
1709534;03/11/2019;0000000000000000002d99c7a909c05e1;1;6;7;26;31;1;1;5;1;18;29;7;104;1;9;20
1709535;03/11/2019;0000000000000000002d99d05484205c4;2;2;21;18;13;2;1;3;1;11;40;14;25;1;9;20
1709536;03/11/2019;0000000000000000002d99e6c8eb405a4;1;2;26;33;25;2;1;1;1;24;2;2;2;1;4;4
1709537;03/11/2019;0000000000000000002d99e9ff0ca05ab;1;2;19;26;33;2;1;1;1;10;81;27;2;1;2;2
1709538;03/11/2019;0000000000000000002d99e9ff0ca05ab;1;2;19;26;33;2;1;1;1;12;81;27;2;1;2;2
1709539;03/11/2019;0000000000000000002d99ea5284201e1;3;1;25;25;25;2;1;1;1;26;2;2;2;1;3;3
1709540;03/11/2019;0000000000000000002d99f9f939a05a8;1;5;19;3;25;2;1;1;1;20;2;2;2;6;17;22
1709541;03/11/2019;0000000000000000002d9a0d4b3940104;3;1;25;25;25;2;1;1;1;27;2;2;2;10;27;53
1709542;03/11/2019;0000000000000000002d9a0d4b3940104;3;1;25;25;25;2;1;1;1;26;2;2;2;10;27;53
1709543;03/11/2019;0000000000000000002d9a2afa7b605a6;3;1;25;25;25;2;1;0;1;11;2;2;2;1;4;4
1709544;03/11/2019;0000000000000000002d9a2c823fe0594;2;5;33;26;23;2;1;5;1;22;43;26;2;1;5;128
1709545;03/11/2019;0000000000000000002d9a3034226018f;1;4;16;25;31;2;1;2;1;22;79;10;38;1;1;40
1709546;03/11/2019;0000000000000000002d9a31221e005e0;2;6;31;26;18;1;1;4;1;23;43;2;2;1;4;4
1709547;03/11/2019;0000000000000000002d9a3a840820586;1;5;13;27;3;2;1;5;3;27;116;205;2;1;13;15
1709548;03/11/2019;0000000000000000002d9a3a840820586;1;5;13;27;3;2;1;5;7;26;116;205;2;1;13;15
1709549;03/11/2019;0000000000000000002d9a4b9d7ac05cb;3;1;25;25;25;2;1;4;1;10;2;2;2;1;4;4
1709550;03/11/2019;0000000000000000002d9a4c41d8a05d9;1;1;31;35;7;2;1;1;1;13;16;60;83;1;7;8
1709551;03/11/2019;0000000000000000002d9a4eaf87c0587;3;1;25;25;25;2;1;1;1;16;2;2;2;1;2;2
1709552;03/11/2019;0000000000000000002d9a5cc40e805b2;3;1;25;25;25;2;1;0;1;18;2;2;2;1;2;2
1709553;03/11/2019;0000000000000000002d9a5cc40e805b2;3;1;25;25;25;2;1;0;1;20;2;2;2;1;2;2
1709554;03/11/2019;0000000000000000002d9a5f16b0c05a0;3;1;25;25;25;2;1;1;1;28;2;2;2;1;2;2
1709555;03/11/2019;0000000000000000002d9a62727fe05cb;3;1;25;25;25;2;1;5;1;10;2;2;2;1;3;3
1709556;03/11/2019;0000000000000000002d9a6512fe8058c;2;1;16;25;26;1;1;1;2;22;48;31;52;1;2;2
1709557;03/11/2019;0000000000000000002d9a799588a0592;2;6;26;18;23;2;1;5;1;22;48;43;2;1;4;4
1709558;03/11/2019;0000000000000000002d9a807478e05d0;1;1;31;25;25;2;1;1;1;23;2;2;2;1;2;2
1709559;03/11/2019;0000000000000000002d9a880f5be05ae;3;1;25;25;25;2;1;0;1;19;2;2;2;1;12;55
1709560;03/11/2019;0000000000000000002d9a950fc420228;2;1;29;19;11;2;1;5;1;11;36;61;86;1;1;66
1709561;03/11/2019;0000000000000000002d9a9bd1ec605ca;2;5;11;18;29;2;1;2;1;12;2;2;2;1;4;4
1709562;03/11/2019;0000000000000000002d9a9bf86220595;2;1;16;25;29;2;1;3;1;27;32;36;9;1;21;32
1709563;03/11/2019;0000000000000000002d9a9e66dae059f;3;1;25;25;25;2;1;1;2;22;2;2;2;1;3;3
1709564;03/11/2019;0000000000000000002d9a9e66dae059f;3;1;25;25;25;2;1;1;1;21;2;2;2;1;3;3
1709565;03/11/2019;0000000000000000002d9ad7e9f7a05de;1;4;31;26;28;2;1;5;2;23;17;43;2;5;16;21
1709566;03/11/2019;0000000000000000002d9adf730c40161;1;1;26;31;35;2;1;4;1;12;97;78;100;1;2;2
1709567;03/11/2019;0000000000000000002d9adf86840012d;3;1;25;25;25;2;1;3;1;26;2;2;2;1;2;2
1709568;03/11/2019;0000000000000000002d9ae8a31b605b2;2;5;23;13;30;2;1;2;1;22;2;2;2;1;2;2
1709569;03/11/2019;0000000000000000002d9afd3343a05ca;1;5;27;7;28;2;1;2;1;19;111;64;2;1;2;2
1709570;03/11/2019;0000000000000000002d9afd3343a05ca;1;5;27;7;28;2;1;2;3;11;111;64;2;1;2;2
1709571;03/11/2019;0000000000000000002d9b0064bc6058a;2;2;28;17;27;1;1;2;1;27;4;3;145;1;13;15
1709572;03/11/2019;0000000000000000002d9b05324240591;2;2;13;25;25;2;1;1;1;20;2;2;2;5;16;21
1709573;03/11/2019;0000000000000000002d9b0af18080582;2;7;21;33;26;2;1;2;1;20;17;48;100;1;4;4
1709574;03/11/2019;0000000000000000002d9b0ecd8e405cc;3;1;25;25;25;2;1;1;1;18;2;2;2;1;4;4
1709575;03/11/2019;0000000000000000002d9b15ab84405a3;2;1;29;23;33;2;1;1;2;10;5;3;25;1;11;51
1709576;03/11/2019;0000000000000000002d9b165d4a805c1;2;5;29;21;30;4;1;5;2;27;232;92;38;1;7;8
1709577;03/11/2019;0000000000000000002d9b165d4a805c1;2;5;29;21;30;4;1;5;1;26;232;92;38;1;7;8
1709578;03/11/2019;0000000000000000002d9b35eca0c05db;1;4;18;32;7;2;1;1;1;26;11;114;2;1;4;4
1709579;03/11/2019;0000000000000000002d9b3746c9e01e0;3;1;25;25;25;2;1;1;1;11;2;2;2;1;4;4
1709580;03/11/2019;0000000000000000002d9b388158405ab;2;1;8;3;31;1;1;4;1;26;80;42;2;1;13;15
1709581;03/11/2019;0000000000000000002d9b708f5040593;3;1;25;25;25;1;1;1;1;26;2;2;2;1;2;2
1709582;03/11/2019;0000000000000000002d9b751864a05cd;1;5;19;32;18;1;1;5;3;20;11;2;2;1;4;4
1709583;03/11/2019;0000000000000000002d9b751864a05cd;1;5;19;32;18;1;1;5;1;21;11;2;2;1;4;4
1709584;03/11/2019;0000000000000000002d9b7a71722024f;3;1;25;25;25;3;1;0;1;17;2;2;2;1;25;81
1709585;03/11/2019;0000000000000000002d9b825294805e0;2;6;22;11;13;1;1;5;1;26;51;17;14;1;5;26
1709586;03/11/2019;0000000000000000002d9b85ef83805ad;1;1;11;25;25;1;1;1;1;11;2;2;2;1;2;2
1709587;03/11/2019;0000000000000000002d9b906443205df;1;5;19;32;23;1;1;1;3;12;15;27;11;10;27;53
1709588;03/11/2019;0000000000000000002d9b906443205df;1;5;19;32;23;1;1;1;4;18;15;27;11;10;27;53
1709589;03/11/2019;0000000000000000002d9b906443205df;1;5;19;32;23;1;1;1;2;27;15;27;11;10;27;53
1709590;03/11/2019;0000000000000000002d9b906443205df;1;5;19;32;23;1;1;1;2;26;15;27;11;10;27;53
1709591;03/11/2019;0000000000000000002d9b906443205df;1;5;19;32;23;1;1;1;1;22;15;27;11;10;27;53
1709592;03/11/2019;0000000000000000002d9b906443205df;1;5;19;32;23;1;1;1;2;20;15;27;11;10;27;53
1709593;03/11/2019;0000000000000000002d9b95ebd600585;3;1;25;25;25;2;1;1;1;22;2;2;2;1;4;4
1709594;03/11/2019;0000000000000000002d9b97c9ab80597;2;3;23;21;26;2;1;1;1;14;45;25;216;10;27;53
1709595;03/11/2019;0000000000000000002d9b9ce69bc05a9;3;1;25;25;25;2;1;0;1;26;2;2;2;1;4;4
1709596;03/11/2019;0000000000000000002d9baa7ddf605d6;2;1;29;26;8;2;1;4;1;12;2;2;2;7;22;33
1709597;03/11/2019;0000000000000000002d9bb206a7e0238;2;2;13;16;35;2;1;4;1;11;2;2;2;1;4;4
1709598;03/11/2019;0000000000000000002d9bb206a7e0238;2;2;13;16;35;2;1;4;1;19;2;2;2;1;4;4
1709599;03/11/2019;0000000000000000002d9bbd685f8058d;2;3;18;21;33;2;1;4;1;14;3;48;43;1;2;2
1709600;03/11/2019;0000000000000000002d9bbd685f8058d;2;3;18;21;33;2;1;4;1;22;3;48;43;1;2;2
1709601;03/11/2019;0000000000000000002d9bcb866d80584;3;1;25;25;25;2;1;0;1;12;2;2;2;1;2;31
1709602;03/11/2019;0000000000000000002d9bd07723005d8;2;4;17;13;25;2;1;1;1;26;2;2;2;1;4;4
1709603;03/11/2019;0000000000000000002d9bd7ddb6805db;3;1;25;25;25;2;1;0;1;17;2;2;2;1;4;4
1709604;03/11/2019;0000000000000000002d9bdc1d11a05c4;1;1;31;30;13;2;1;1;1;21;120;144;2;2;8;9
1709605;03/11/2019;0000000000000000002d9bde2a7dc05ae;2;1;29;33;25;2;1;1;1;22;2;2;2;1;4;4
1709606;03/11/2019;0000000000000000002d9be14773805df;1;3;32;7;27;2;1;3;1;13;11;18;12;1;4;4
1709607;03/11/2019;0000000000000000002d9be421fa605d7;1;5;26;19;33;2;1;5;1;18;251;118;2;1;3;3
1709608;03/11/2019;0000000000000000002d9be48d13805ca;1;1;8;22;31;2;1;5;1;27;97;2;2;1;13;15
1709609;03/11/2019;0000000000000000002d9be9dd27a05d5;2;1;34;31;6;2;1;1;1;27;90;115;2;1;4;4
1709610;03/11/2019;0000000000000000002d9c1936554059e;2;6;13;34;26;2;1;2;1;10;60;63;45;1;13;60
1709611;03/11/2019;0000000000000000002d9c1b316f805a1;1;5;31;22;19;2;1;1;1;15;23;172;29;1;18;23
1709612;03/11/2019;0000000000000000002d9c1b5e3860218;3;1;25;25;25;2;1;0;1;26;2;2;2;1;4;4
1709613;03/11/2019;0000000000000000002d9c2786a2205cb;1;1;23;16;25;2;1;5;1;17;94;32;43;5;16;21
1709614;03/11/2019;0000000000000000002d9c3d7e55e05dd;1;5;31;16;23;1;1;4;1;11;2;2;2;1;2;2
1709615;03/11/2019;0000000000000000002d9c3fabcc20122;1;4;32;7;30;2;1;1;1;18;11;114;2;1;4;4
1709616;03/11/2019;0000000000000000002d9c4d72ce605bd;2;1;8;26;33;2;1;3;1;24;18;2;2;1;11;93
1709617;03/11/2019;0000000000000000002d9c542676e05a9;2;1;25;16;29;2;1;3;1;26;32;9;2;1;4;4
1709618;03/11/2019;0000000000000000002d9c5dea608058e;2;1;31;34;6;1;1;1;1;26;2;2;2;1;1;5
1709619;03/11/2019;0000000000000000002d9c5fb64660588;3;1;25;25;25;2;1;1;1;26;2;2;2;3;14;17
1709620;03/11/2019;0000000000000000002d9c5fb64660588;3;1;25;25;25;2;1;1;1;11;2;2;2;3;14;17
1709621;03/11/2019;0000000000000000002d9c6ed33700259;1;4;26;8;28;2;1;1;2;12;2;2;2;1;13;15
1709622;03/11/2019;0000000000000000002d9c71ae3060591;3;1;25;25;25;2;1;1;1;10;2;2;2;1;25;42
1709623;03/11/2019;0000000000000000002d9c90facd405c0;1;7;21;3;19;2;1;5;1;15;47;3;18;1;2;2
1709624;03/11/2019;0000000000000000002d9cc6b47f805b9;1;5;31;11;18;2;1;2;1;11;95;45;199;1;2;48
1709625;03/11/2019;0000000000000000002d9cdea3f8e05ac;3;1;25;25;25;2;1;1;1;20;2;2;2;1;2;2
1709626;03/11/2019;0000000000000000002d9cdea3f8e05ac;3;1;25;25;25;2;1;1;1;17;2;2;2;1;2;2
1709627;03/11/2019;0000000000000000002d9ce3da1aa058f;1;1;21;31;11;2;1;5;1;26;145;44;51;1;4;4
1709628;03/11/2019;0000000000000000002d9ce8129220582;1;2;26;25;25;2;1;1;1;10;2;2;2;1;4;4
1709629;03/11/2019;0000000000000000002d9ce8129220582;1;2;26;25;25;2;1;1;5;20;2;2;2;1;4;4
1709630;03/11/2019;0000000000000000002d9ce8129220582;1;2;26;25;25;2;1;1;3;17;2;2;2;1;4;4
1709631;03/11/2019;0000000000000000002d9ceae3aa805c1;2;1;29;6;26;2;1;1;1;26;5;149;43;1;4;4
1709632;03/11/2019;0000000000000000002d9cf0873580595;1;3;18;25;25;2;1;1;2;17;2;2;2;1;4;4
1709633;03/11/2019;0000000000000000002d9d02e89a601d0;1;5;19;3;33;2;1;1;1;22;67;23;2;1;2;2
1709634;03/11/2019;0000000000000000002d9d02e89a601d0;1;5;19;3;33;2;1;1;1;18;67;23;2;1;2;2
1709635;03/11/2019;0000000000000000002d9d044cd5605d2;2;3;23;21;33;2;1;5;1;26;11;15;25;1;3;3
1709636;03/11/2019;0000000000000000002d9d10248d805b9;2;1;34;6;35;1;1;2;1;26;16;2;2;1;13;60
1709637;03/11/2019;0000000000000000002d9d1bbe04805c8;2;1;29;26;13;2;1;5;1;26;36;26;191;1;2;48
1709638;03/11/2019;0000000000000000002d9d1f53c1205c7;1;2;31;16;25;1;1;1;2;27;2;2;2;1;7;8
1709639;03/11/2019;0000000000000000002d9d229d3060213;1;1;28;29;21;2;1;1;2;26;11;114;2;1;4;4
1709640;03/11/2019;0000000000000000002d9d6eb61aa05c0;3;1;25;25;25;2;1;0;1;10;2;2;2;1;3;3
1709641;03/11/2019;0000000000000000002d9d8287a740220;2;6;13;29;25;2;1;1;1;24;2;2;2;1;25;81
1709642;03/11/2019;0000000000000000002d9d8287a740220;2;6;13;29;25;2;1;1;1;25;2;2;2;1;25;81
1709643;03/11/2019;0000000000000000002d9d84f26540589;3;1;25;25;25;2;1;1;1;27;2;2;2;1;19;41
1709644;03/11/2019;0000000000000000002d9d861533a05bc;1;2;26;25;25;2;1;2;1;26;2;2;2;1;2;2
1709645;03/11/2019;0000000000000000002d9d89505780140;2;2;13;23;16;2;1;1;4;26;124;2;2;1;4;4
1709646;03/11/2019;0000000000000000002d9d89505780140;2;2;13;23;16;2;1;1;1;27;124;2;2;1;4;4
1709647;03/11/2019;0000000000000000002d9d8a27eb405cb;1;7;3;21;23;2;1;4;1;24;15;14;129;5;16;21
1709648;03/11/2019;0000000000000000002d9d8c2a63605c8;2;2;13;25;25;2;1;1;1;27;2;2;2;1;2;2
1709649;03/11/2019;0000000000000000002d9d91ecc6a058d;3;1;25;25;25;2;1;3;1;21;2;2;2;1;4;4
1709650;03/11/2019;0000000000000000002d9d9ba893a05c8;1;5;19;16;25;2;1;5;1;10;2;2;2;1;4;4
1709651;03/11/2019;0000000000000000002d9d9e7fdd005cc;2;1;21;33;18;2;1;1;1;10;11;86;100;1;3;3
1709652;03/11/2019;0000000000000000002d9da8442f605be;3;1;25;25;25;2;1;0;1;20;2;2;2;1;4;4
1709653;03/11/2019;0000000000000000002d9dabd95dc0588;2;6;26;23;29;2;1;1;1;15;34;14;26;1;3;3
1709654;03/11/2019;0000000000000000002d9dad705b005dd;3;1;25;25;25;2;1;0;1;18;2;2;2;1;4;4
1709655;03/11/2019;0000000000000000002d9dafdeac0058f;3;1;25;25;25;2;1;0;1;26;2;2;2;1;13;15
1709656;03/11/2019;0000000000000000002d9db4e97ec05c8;2;5;11;13;33;2;1;1;1;20;2;2;2;1;2;2
1709657;03/11/2019;0000000000000000002d9dba517fe05b0;1;3;18;25;25;2;1;1;1;11;72;4;2;1;2;2
1709658;03/11/2019;0000000000000000002d9dbd5982005a8;2;6;33;26;13;2;1;5;1;21;2;2;2;1;2;2
1709659;03/11/2019;0000000000000000002d9dc22e17005df;1;2;31;11;28;1;1;5;2;26;61;205;116;1;2;2
1709660;03/11/2019;0000000000000000002d9dc4a0c7805d6;1;5;19;31;30;2;1;1;1;10;27;2;2;1;13;15
1709661;03/11/2019;0000000000000000002d9dc5ef65a05db;2;2;13;25;25;2;1;1;1;27;2;2;2;1;4;4
1709662;03/11/2019;0000000000000000002d9dc89e97005c2;1;4;32;18;7;2;2;1;1;21;2;2;2;1;11;51
1709663;03/11/2019;0000000000000000002d9dc89e97005c2;1;4;32;18;7;2;1;1;1;21;2;2;2;1;11;51
1709664;03/11/2019;0000000000000000002d9dcbac8940596;1;5;19;32;31;2;1;5;1;27;27;11;100;1;13;15
1709665;03/11/2019;0000000000000000002d9dd59e17805c9;1;4;3;6;28;1;1;1;1;27;42;2;2;1;4;4
1709666;03/11/2019;0000000000000000002d9de85d61a05b9;2;1;34;33;17;2;1;5;1;26;132;43;2;1;3;3
1709667;03/11/2019;0000000000000000002d9de85d61a05b9;2;1;34;33;17;2;1;5;1;23;132;43;2;1;3;3
1709668;03/11/2019;0000000000000000002d9dec62aa0018e;2;3;13;18;31;2;1;5;1;21;2;2;2;2;8;9
1709669;03/11/2019;0000000000000000002d9dec62aa0018e;2;3;13;18;31;2;1;5;1;11;2;2;2;2;8;9
1709670;03/11/2019;0000000000000000002d9ded3908a0591;3;1;25;25;25;2;1;1;2;23;2;2;2;1;2;2
1709671;03/11/2019;0000000000000000002d9dfe2678805a9;2;2;13;30;35;2;1;1;1;21;2;2;2;1;4;4
1709672;03/11/2019;0000000000000000002d9e1bcf01605e2;3;1;25;25;25;2;1;0;1;21;2;2;2;1;2;2
1709673;03/11/2019;0000000000000000002d9e1cbfa6805c9;1;5;19;25;25;2;1;1;1;26;2;2;2;1;13;45
1709674;03/11/2019;0000000000000000002d9e434394401df;2;5;23;22;33;1;1;1;1;27;222;20;154;1;1;66
1709675;03/11/2019;0000000000000000002d9e54af99605b0;3;1;25;25;25;1;1;1;1;10;2;2;2;1;9;10
1709676;03/11/2019;0000000000000000002d9e568e2800107;1;1;35;31;16;1;1;1;1;18;91;219;2;1;3;3
1709677;03/11/2019;0000000000000000002d9e58485180587;3;1;25;25;25;2;1;1;1;27;2;2;2;1;4;4
1709678;03/11/2019;0000000000000000002d9e592443205bc;2;1;29;7;25;2;1;2;1;14;110;82;200;1;1;1
1709679;03/11/2019;0000000000000000002d9e592443205bc;2;1;29;7;25;2;2;2;1;14;110;82;200;1;1;1
1709680;03/11/2019;0000000000000000002d9e691cc4005e1;1;7;21;23;32;1;1;4;1;28;11;14;157;1;13;126
1709681;03/11/2019;0000000000000000002d9e7396c0805e0;3;1;25;25;25;2;1;1;1;27;2;2;2;1;3;3
1709682;03/11/2019;0000000000000000002d9e793063805dd;3;1;25;25;25;2;1;1;1;27;2;2;2;1;32;73
1709683;03/11/2019;0000000000000000002d9e7e91fce058e;3;1;25;25;25;2;1;2;1;17;2;2;2;1;3;3
1709684;03/11/2019;0000000000000000002d9e9f2b92e05a9;3;1;25;25;25;2;1;1;1;14;2;2;2;1;4;4
1709685;03/11/2019;0000000000000000002d9eaf82f2c05a0;2;1;19;34;33;2;1;2;1;26;16;27;2;1;1;40
1709686;03/11/2019;0000000000000000002d9eb3cb4d605b4;2;1;21;34;16;2;1;2;2;26;45;2;2;1;25;75
1709687;03/11/2019;0000000000000000002d9eb7d9eda0119;1;5;19;25;25;1;1;2;1;18;2;2;2;1;4;4
1709688;03/11/2019;0000000000000000002d9eb977a4605db;3;1;25;25;25;2;1;3;1;27;2;2;2;3;14;17
1709689;03/11/2019;0000000000000000002d9eca84bfe011f;3;1;25;25;25;2;1;0;1;17;2;2;2;1;10;105
1709690;03/11/2019;0000000000000000002d9ed679866058b;2;5;23;33;26;2;1;5;1;20;43;26;2;1;2;2
1709691;03/11/2019;0000000000000000002d9ed69ea0805c1;2;1;29;23;33;2;1;2;1;11;43;49;183;1;3;3
1709692;03/11/2019;0000000000000000002d9edb31a9805b8;2;1;29;23;16;2;2;4;1;27;2;2;2;1;2;2
1709693;03/11/2019;0000000000000000002d9edb31a9805b8;2;1;29;23;16;2;1;4;1;27;2;2;2;1;2;2
1709694;03/11/2019;0000000000000000002d9edb31a9805b8;2;1;29;23;16;2;1;4;1;26;2;2;2;1;2;2
1709695;03/11/2019;0000000000000000002d9ede166ca01d5;2;5;26;33;25;2;1;5;1;12;2;2;2;1;4;4
1709696;03/11/2019;0000000000000000002d9edeca7b605b6;3;1;25;25;25;2;1;1;1;27;2;2;2;1;25;75
1709697;03/11/2019;0000000000000000002d9ee22019805c4;2;5;23;17;7;2;1;1;1;22;118;202;2;1;2;2
1709698;03/11/2019;0000000000000000002d9ef7f5eba059f;1;3;23;18;25;2;1;1;1;10;15;2;2;3;14;17
1709699;03/11/2019;0000000000000000002d9ef7f5eba059f;1;3;23;18;25;2;2;1;1;10;15;2;2;3;14;17
1709700;03/11/2019;0000000000000000002d9ef8ca17c05a0;3;1;25;25;25;2;1;1;2;17;2;2;2;1;5;63
1709701;03/11/2019;0000000000000000002d9efb017c805a8;2;2;13;25;25;2;1;1;3;20;2;2;2;1;2;2
1709702;03/11/2019;0000000000000000002d9f013edbe05d3;1;7;31;32;21;2;1;2;1;16;45;11;72;1;2;2
1709703;03/11/2019;0000000000000000002d9f013edbe05d3;1;7;31;32;21;2;1;2;1;21;45;11;72;1;2;2
1709704;03/11/2019;0000000000000000002d9f01554b8058d;2;2;28;18;33;1;2;5;1;27;2;2;2;1;25;81
1709705;03/11/2019;0000000000000000002d9f01554b8058d;2;2;28;18;33;1;1;5;2;27;2;2;2;1;25;81
1709706;03/11/2019;0000000000000000002d9f07d6fa805c0;2;1;29;6;31;2;1;3;1;27;19;103;101;1;4;4
1709707;03/11/2019;0000000000000000002d9f152711605a1;2;2;26;28;7;2;1;5;1;27;2;2;2;1;10;159
1709708;03/11/2019;0000000000000000002d9f2432db2020c;2;1;34;35;16;2;1;1;1;26;2;2;2;1;2;61
1709709;03/11/2019;0000000000000000002d9f2443fa8059f;2;1;29;33;8;2;1;1;2;26;24;2;2;1;4;4
1709710;03/11/2019;0000000000000000002d9f4c51a5e058d;2;3;23;21;30;1;1;3;1;20;29;26;50;1;3;3
1709711;03/11/2019;0000000000000000002d9f4cd781205d1;2;2;26;23;33;2;1;5;1;15;48;103;43;1;3;3
1709712;03/11/2019;0000000000000000002d9f4cd781205d1;2;2;26;23;33;2;1;5;1;28;48;103;43;1;3;3
1709713;03/11/2019;0000000000000000002d9f529e67805b0;3;1;25;25;25;2;1;1;1;20;2;2;2;1;1;1
1709714;03/11/2019;0000000000000000002d9f547a4e005d9;3;1;25;25;25;2;1;5;1;27;2;2;2;1;2;2
1709715;03/11/2019;0000000000000000002d9f572a0b20599;1;5;19;25;25;3;1;5;1;26;2;2;2;1;19;24
1709716;03/11/2019;0000000000000000002d9f5bf9aaa0588;3;1;25;25;25;3;1;1;1;28;2;2;2;1;6;62
1709717;03/11/2019;0000000000000000002d9f68b4ad005ab;3;1;25;25;25;2;1;1;1;27;2;2;2;1;4;4
1709718;03/11/2019;0000000000000000002d9f77ba0b005e3;2;7;21;33;26;2;1;3;1;12;40;48;17;1;2;30
1709719;03/11/2019;0000000000000000002d9f77fe17605c1;3;1;25;25;25;2;1;0;1;27;2;2;2;1;2;2
1709720;03/11/2019;0000000000000000002d9f83e306205a8;2;4;26;13;23;2;1;2;1;26;184;2;2;1;11;59
1709721;03/11/2019;0000000000000000002d9f87102260597;1;6;16;25;31;1;1;5;1;26;9;10;51;1;2;2
1709722;03/11/2019;0000000000000000002d9f87102260597;1;6;16;25;31;1;1;5;4;27;9;10;51;1;2;2
1709723;03/11/2019;0000000000000000002d9f8aad97a05bf;2;5;7;33;25;2;1;2;1;26;2;2;2;1;5;103
1709724;03/11/2019;0000000000000000002d9f8b60f2a05bd;2;3;26;21;18;1;1;5;1;22;122;27;231;1;2;2
1709725;03/11/2019;0000000000000000002d9f8e2236e059a;1;2;19;26;16;1;1;2;1;26;2;2;2;1;11;18
1709726;03/11/2019;0000000000000000002d9f912cbe0058d;2;1;29;25;25;1;1;1;1;26;2;2;2;1;2;2
1709727;03/11/2019;0000000000000000002d9f92e242405ca;3;1;25;25;25;2;1;0;1;11;2;2;2;1;4;4
1709728;03/11/2019;0000000000000000002d9f93802f805b8;1;1;21;35;19;1;1;2;2;15;21;11;242;1;4;4
1709729;03/11/2019;0000000000000000002d9f97526d20140;2;6;26;23;13;2;1;2;1;27;70;2;2;1;5;26
1709730;03/11/2019;0000000000000000002d9f97526d20140;2;6;26;23;13;2;1;2;2;26;70;2;2;1;5;26
1709731;03/11/2019;0000000000000000002d9fa208b800599;1;2;26;33;18;2;1;1;2;27;2;2;2;1;4;4
1709732;03/11/2019;0000000000000000002d9fa208b800599;1;2;26;33;18;2;1;1;3;26;2;2;2;1;4;4
1709733;03/11/2019;0000000000000000002d9fa71c2ae05bc;2;5;26;23;33;2;1;4;1;21;2;2;2;3;14;17
1709734;03/11/2019;0000000000000000002d9fa9d916005a5;1;1;33;25;25;1;1;1;1;21;2;2;2;1;7;8
1709735;03/11/2019;0000000000000000002d9fb8892d80590;1;2;26;33;25;1;1;5;1;26;2;2;2;1;4;4
1709736;03/11/2019;0000000000000000002d9fb8892d80590;1;2;26;33;25;1;1;5;1;27;2;2;2;1;4;4
1709737;03/11/2019;0000000000000000002d9fb8cb4cc05c6;2;7;21;23;13;2;1;2;2;26;4;223;5;1;2;2
1709738;03/11/2019;0000000000000000002d9fb8cb4cc05c6;2;7;21;23;13;2;1;2;1;27;4;223;5;1;2;2
1709739;03/11/2019;0000000000000000002d9fb9c03da0588;2;4;17;26;23;2;1;3;1;22;43;75;63;1;2;2
1709740;03/11/2019;0000000000000000002d9fba773a205c0;1;3;32;22;27;2;1;5;1;27;11;14;61;1;20;86
1709741;03/11/2019;0000000000000000002d9fc00d63a05c5;2;1;26;29;33;2;1;2;1;21;7;2;2;10;27;53
1709742;03/11/2019;0000000000000000002d9ffb4b97205c2;3;1;25;25;25;1;1;3;1;26;2;2;2;1;25;75
1709743;03/11/2019;0000000000000000002d9ffbce66c05a5;3;1;25;25;25;2;1;1;1;25;2;2;2;1;4;4
1709744;03/11/2019;0000000000000000002d9ffbce66c05a5;3;1;25;25;25;2;1;1;1;26;2;2;2;1;4;4
1709745;03/11/2019;0000000000000000002d9ffee59ee059c;2;1;29;34;16;2;1;1;1;26;36;2;2;1;13;15
1709746;03/11/2019;0000000000000000002da0036232805c7;1;4;3;27;7;1;1;3;1;13;2;2;2;1;6;62
1709747;03/11/2019;0000000000000000002da0036232805c7;1;4;3;27;7;1;1;3;1;27;2;2;2;1;6;62
1709748;03/11/2019;0000000000000000002da004195ca05ac;2;6;13;29;16;2;1;1;1;26;34;47;2;1;4;4
1709749;03/11/2019;0000000000000000002da008fd728058a;3;1;25;25;25;2;1;1;1;24;2;2;2;5;16;21
1709750;03/11/2019;0000000000000000002da00941eca05ae;2;5;22;33;25;1;1;1;1;26;2;2;2;3;14;17
1709751;03/11/2019;0000000000000000002da00941eca05ae;2;5;22;33;25;1;1;1;2;27;2;2;2;3;14;17
1709752;03/11/2019;0000000000000000002da030cea7005cb;3;1;25;25;25;2;1;0;1;17;2;2;2;1;4;4
1709753;03/11/2019;0000000000000000002da039a92fe058f;2;4;21;8;30;1;1;5;3;11;11;2;2;1;20;86
1709754;03/11/2019;0000000000000000002da042cfd8c05aa;2;4;26;23;31;2;1;2;1;19;135;8;14;1;4;4
1709755;03/11/2019;0000000000000000002da048f777405cd;3;1;25;25;25;2;1;2;2;27;2;2;2;5;16;21
1709756;03/11/2019;0000000000000000002da048f777405cd;3;1;25;25;25;2;1;2;1;26;2;2;2;5;16;21
1709757;03/11/2019;0000000000000000002da04bbb43a05a4;2;1;29;33;7;2;1;1;1;26;24;2;2;1;2;2
1709758;03/11/2019;0000000000000000002da04dd86ec025e;2;1;29;13;35;2;1;1;1;26;2;2;2;1;2;2
1709759;03/11/2019;0000000000000000002da0529ce8405c2;1;2;26;19;33;2;1;2;1;13;27;197;2;1;7;8
1709760;03/11/2019;0000000000000000002da056ab72805e3;2;1;7;22;16;2;1;2;1;26;2;2;2;1;9;10
1709761;03/11/2019;0000000000000000002da0581d7de05dc;2;2;13;16;11;1;1;3;1;26;62;37;2;1;2;2
1709762;03/11/2019;0000000000000000002da06294fe405d5;1;1;29;33;30;2;1;3;1;17;2;2;2;1;9;10
1709763;03/11/2019;0000000000000000002da06ea9a12058c;2;2;13;21;32;2;1;5;1;27;11;3;118;1;11;51
1709764;03/11/2019;0000000000000000002da06f0e450059f;1;4;3;27;13;2;1;5;1;26;42;152;116;1;4;4
1709765;03/11/2019;0000000000000000002da0b764e6e058e;1;5;19;25;25;2;1;2;1;16;2;2;2;1;4;4
1709766;03/11/2019;0000000000000000002da0bc57a380591;1;5;19;31;26;2;1;5;2;23;2;2;2;1;11;18
1709767;03/11/2019;0000000000000000002da0d1cc83005b8;2;2;13;25;25;2;1;1;5;26;2;2;2;1;3;3
1709768;03/11/2019;0000000000000000002da0d4cffca05be;1;1;28;21;30;2;1;4;1;26;9;53;99;2;8;9
1709769;03/11/2019;0000000000000000002da0d64b66c05ab;3;1;25;25;25;2;1;0;1;12;2;2;2;1;2;2
1709770;03/11/2019;0000000000000000002da0e3c3b0a0583;2;3;18;21;33;2;1;1;1;10;198;2;2;1;4;4
1709771;03/11/2019;0000000000000000002da0e62210a058b;3;1;25;25;25;2;1;0;1;20;2;2;2;1;4;4
1709772;03/11/2019;0000000000000000002da0e7655be05c9;3;1;25;25;25;2;1;1;1;26;2;2;2;1;25;69
1709773;03/11/2019;0000000000000000002da0e77029005be;1;4;32;25;25;2;1;1;1;10;2;2;2;5;16;21
1709774;03/11/2019;0000000000000000002da0e9141640084;1;6;26;31;19;2;1;2;1;18;8;2;2;1;4;4
1709775;03/11/2019;0000000000000000002da0ea3c49c05d7;3;1;25;25;25;1;1;1;1;27;2;2;2;1;13;60
1709776;03/11/2019;0000000000000000002da0f40267a05bc;1;6;26;31;23;1;1;2;1;22;2;2;2;5;16;21
1709777;03/11/2019;0000000000000000002da0fc119ba014b;3;1;25;25;25;3;1;0;1;11;2;2;2;1;4;4
1709778;03/11/2019;0000000000000000002da0ffeaf6a05dc;1;2;26;33;25;1;1;1;1;27;2;2;2;1;5;26
1709779;03/11/2019;0000000000000000002da10307f700587;1;1;31;3;34;1;1;1;2;21;2;2;2;1;2;25
1709780;03/11/2019;0000000000000000002da105b59ca0599;2;1;29;32;33;1;1;5;1;13;2;2;2;1;4;4
1709781;03/11/2019;0000000000000000002da12f3fa5c05ca;2;1;29;23;33;3;1;2;2;27;26;49;63;1;3;3
1709782;03/11/2019;0000000000000000002da12f3fa5c05ca;2;1;29;23;33;3;1;2;1;26;26;49;63;1;3;3
1709783;03/11/2019;0000000000000000002da1389445e05bb;2;5;21;33;23;2;1;5;1;26;46;92;10;1;2;2
1709784;03/11/2019;0000000000000000002da13b6cef405bd;3;1;25;25;25;2;1;1;1;11;2;2;2;19;39;106
1709785;03/11/2019;0000000000000000002da13e5e62405c6;1;7;21;32;18;2;1;5;1;26;11;14;4;1;1;5
1709786;03/11/2019;0000000000000000002da13e9708a05e2;1;5;16;25;25;1;1;5;1;26;2;2;2;1;2;2
1709787;03/11/2019;0000000000000000002da13e9708a05e2;1;5;16;25;25;1;1;5;2;27;2;2;2;1;2;2
1709788;03/11/2019;0000000000000000002da14b69e0605a8;1;4;32;7;11;2;1;5;2;27;11;65;2;1;4;4
1709789;03/11/2019;0000000000000000002da14b69e0605a8;1;4;32;7;11;2;1;5;1;26;11;65;2;1;4;4
1709790;03/11/2019;0000000000000000002da15431e8805b0;2;1;23;29;33;2;1;5;1;20;43;26;2;1;4;4
1709791;03/11/2019;0000000000000000002da15b466c805ba;2;1;21;29;33;2;1;5;1;13;92;4;3;1;2;2
1709792;03/11/2019;0000000000000000002da1616f9a005e0;1;3;18;33;25;2;1;2;1;26;2;2;2;1;1;125
1709793;03/11/2019;0000000000000000002da162b93640195;3;1;25;25;25;2;1;1;1;27;2;2;2;1;5;26
1709794;03/11/2019;0000000000000000002da164f368a0599;1;2;26;18;25;2;1;5;1;20;2;2;2;1;10;159
1709795;03/11/2019;0000000000000000002da164f368a0599;1;2;26;18;25;2;1;5;1;17;2;2;2;1;10;159
1709796;03/11/2019;0000000000000000002da169e284005af;3;1;25;25;25;2;1;5;1;22;2;2;2;1;2;2
1709797;03/11/2019;0000000000000000002da16c2ee0205d2;2;2;13;21;35;2;1;1;1;27;2;2;2;1;13;126
1709798;03/11/2019;0000000000000000002da175fe1b005a0;1;2;16;25;31;2;2;1;1;10;73;9;2;1;4;4
1709799;03/11/2019;0000000000000000002da175fe1b005a0;1;2;16;25;31;2;1;1;1;10;73;9;2;1;4;4
1709800;03/11/2019;0000000000000000002da17e518960589;2;1;19;34;26;1;1;2;1;27;65;2;2;1;4;4
1709801;03/11/2019;0000000000000000002da1811524c059e;3;1;25;25;25;2;1;0;1;26;2;2;2;1;20;86
1709802;03/11/2019;0000000000000000002da18226edc05dc;2;3;33;23;6;2;1;4;1;12;2;2;2;1;4;4
1709803;03/11/2019;0000000000000000002da182332a80583;1;1;35;31;8;1;1;1;1;26;2;2;2;1;3;3
1709804;03/11/2019;0000000000000000002da184bf5c2058d;3;1;25;25;25;2;1;1;1;11;2;2;2;1;4;4
1709805;03/11/2019;0000000000000000002da1a1cca6e05ae;2;1;29;27;25;2;1;1;2;17;49;164;35;1;2;30
1709806;03/11/2019;0000000000000000002da1a46eada058b;1;1;33;25;25;2;1;2;1;18;2;2;2;1;3;3
1709807;03/11/2019;0000000000000000002da1aa7893605c6;1;2;23;31;26;2;2;1;1;12;2;2;2;1;10;11
1709808;03/11/2019;0000000000000000002da1aa7893605c6;1;2;23;31;26;2;1;1;1;12;2;2;2;1;10;11
1709809;03/11/2019;0000000000000000002da1b8efa7205a5;3;1;25;25;25;2;1;0;1;22;2;2;2;1;7;27
1709810;03/11/2019;0000000000000000002da1bb1fe4a05c0;3;1;25;25;25;2;1;1;1;18;2;2;2;1;3;3
1709811;03/11/2019;0000000000000000002da1cd8c6de059b;2;2;21;18;17;2;1;5;1;26;14;11;45;1;23;97
1709812;03/11/2019;0000000000000000002da1d9e4b22059b;3;1;25;25;25;2;1;1;1;27;2;2;2;1;4;4
1709813;03/11/2019;0000000000000000002da1f303b6205a7;1;2;31;16;25;2;1;4;1;20;2;2;2;1;4;4
1709814;03/11/2019;0000000000000000002da1f32b1a60147;2;3;13;26;21;2;1;3;1;10;14;2;2;1;4;4
1709815;03/11/2019;0000000000000000002da1f32b1a60147;2;3;13;26;21;2;1;3;1;21;14;2;2;1;4;4
1709816;03/11/2019;0000000000000000002da1f99deb205ac;3;1;25;25;25;2;1;1;1;26;2;2;2;1;13;15
1709817;03/11/2019;0000000000000000002da1f99deb205ac;3;1;25;25;25;2;1;1;1;27;2;2;2;1;13;15
1709818;03/11/2019;0000000000000000002da2022495a010d;3;1;25;25;25;2;1;0;1;20;2;2;2;1;2;2
1709819;03/11/2019;0000000000000000002da207c4fee05c6;2;5;13;11;25;1;1;4;1;20;2;2;2;1;4;4
1709820;03/11/2019;0000000000000000002da2096f4700595;2;1;29;26;21;2;1;5;1;27;71;2;2;1;2;2
1709821;03/11/2019;0000000000000000002da209ff6c405ae;2;1;29;30;13;2;1;4;1;25;3;145;40;1;4;4
1709822;03/11/2019;0000000000000000002da20bed8b6024a;2;5;13;26;11;2;1;2;2;26;3;37;2;1;4;4
1709823;03/11/2019;0000000000000000002da20d129360593;2;1;29;33;16;1;1;5;1;27;40;45;2;1;1;1
1709824;03/11/2019;0000000000000000002da2131b8760592;2;1;29;26;21;2;1;3;1;12;126;26;63;1;4;4
1709825;03/11/2019;0000000000000000002da21d9c8f405d2;1;5;19;25;25;2;1;1;1;26;2;2;2;1;20;123
1709826;03/11/2019;0000000000000000002da21d9c8f405d2;1;5;19;25;25;2;1;1;1;27;2;2;2;1;20;123
1709827;03/11/2019;0000000000000000002da22011c0a0590;2;6;13;29;6;2;1;1;1;26;19;149;2;1;4;4
1709828;03/11/2019;0000000000000000002da23273e8005ce;3;1;25;25;25;1;1;1;1;27;2;2;2;1;1;5
1709829;03/11/2019;0000000000000000002da233a37ee0185;2;2;13;25;25;2;1;1;1;26;2;2;2;1;4;4
1709830;03/11/2019;0000000000000000002da233c3dfa05af;2;1;21;33;30;2;1;2;1;10;106;147;2;5;16;21
1709831;03/11/2019;0000000000000000002da246550980580;2;6;13;16;29;2;1;5;1;12;2;2;2;1;31;72
1709832;03/11/2019;0000000000000000002da24924d9405de;1;5;19;25;25;2;1;5;1;10;2;2;2;1;12;13
1709833;03/11/2019;0000000000000000002da24e82a620598;1;1;11;25;25;2;1;3;5;20;21;231;2;5;16;21
1709834;03/11/2019;0000000000000000002da24e82a620598;1;1;11;25;25;2;1;3;1;12;21;231;2;5;16;21
1709835;03/11/2019;0000000000000000002da24e82a620598;1;1;11;25;25;2;1;3;2;22;21;231;2;5;16;21
1709836;03/11/2019;0000000000000000002da25059906059d;2;5;26;33;11;2;1;5;1;27;43;48;142;1;2;2
1709837;03/11/2019;0000000000000000002da25ee4804013b;3;1;25;25;25;2;1;1;1;11;2;2;2;1;4;4
1709838;03/11/2019;0000000000000000002da271e506205b4;3;1;25;25;25;2;1;2;1;27;2;2;2;1;10;136
1709839;03/11/2019;0000000000000000002da287da16605ce;3;1;25;25;25;2;1;1;3;19;2;2;2;1;7;57
1709840;03/11/2019;0000000000000000002da28fa64e405a5;2;5;23;17;18;2;1;2;1;27;2;2;2;1;4;4
1709841;03/11/2019;0000000000000000002da2927970e015c;2;1;11;23;34;2;1;4;1;19;3;11;100;1;3;3
1709842;03/11/2019;0000000000000000002da2992357405e3;1;1;34;6;29;2;1;2;1;27;134;19;18;1;4;4
1709843;03/11/2019;0000000000000000002da29d2739c05d7;2;4;26;17;16;1;1;1;1;20;2;2;2;1;11;18
1709844;03/11/2019;0000000000000000002da2b317004018f;2;1;26;29;33;2;1;2;1;27;26;149;2;1;4;4
1709845;03/11/2019;0000000000000000002da2b317004018f;2;1;26;29;33;2;1;2;1;26;26;149;2;1;4;4
1709846;03/11/2019;0000000000000000002da2b6bd1ec058f;1;7;32;22;18;2;1;2;1;27;14;11;114;1;6;37
1709847;03/11/2019;0000000000000000002da2b8ae036010d;1;1;28;3;25;1;1;1;1;11;2;2;2;1;2;2
1709848;03/11/2019;0000000000000000002da2ba94c5805b8;2;1;11;18;25;2;1;1;1;11;2;2;2;1;3;3
1709849;03/11/2019;0000000000000000002da2c053b9605d8;1;5;19;16;25;2;1;5;1;15;2;2;2;1;13;15
1709850;03/11/2019;0000000000000000002da2c3d463a0587;3;1;25;25;25;2;1;1;2;26;2;2;2;9;26;52
1709851;03/11/2019;0000000000000000002da2c58e384058f;3;1;25;25;25;2;1;1;2;17;2;2;2;1;11;59
1709852;03/11/2019;0000000000000000002da2d34010405ce;2;1;29;23;19;2;1;5;1;27;102;96;162;1;6;83
1709853;03/11/2019;0000000000000000002da2e059a020592;2;5;33;29;23;2;1;5;1;27;2;2;2;1;13;15
1709854;03/11/2019;0000000000000000002da2e5bc40c0593;3;1;25;25;25;2;1;1;1;27;2;2;2;1;4;4
1709855;03/11/2019;0000000000000000002da2e79995605a7;1;1;19;30;31;1;1;5;2;10;27;2;2;1;7;44
1709856;03/11/2019;0000000000000000002da307bfa460587;2;2;13;16;25;2;1;1;1;27;2;2;2;1;7;8
1709857;03/11/2019;0000000000000000002da335309120586;2;1;29;33;13;2;1;5;1;22;125;24;124;1;25;42
1709858;03/11/2019;0000000000000000002da335309120586;2;1;29;33;13;2;1;5;1;12;125;24;124;1;25;42
1709859;03/11/2019;0000000000000000002da335309120586;2;1;29;33;13;2;1;5;1;11;125;24;124;1;25;42
1709860;03/11/2019;0000000000000000002da335309120586;2;1;29;33;13;2;1;5;1;18;125;24;124;1;25;42
1709861;03/11/2019;0000000000000000002da335309120586;2;1;29;33;13;2;1;5;1;17;125;24;124;1;25;42
1709862;03/11/2019;0000000000000000002da33f9fc6a058b;3;1;25;25;25;1;1;1;1;27;2;2;2;1;2;2
1709863;03/11/2019;0000000000000000002da33f9fc6a058b;3;1;25;25;25;1;1;1;1;26;2;2;2;1;2;2
1709864;03/11/2019;0000000000000000002da3424e1e605d6;1;1;35;13;26;1;1;1;1;26;2;2;2;1;2;2
1709865;03/11/2019;0000000000000000002da35d457b40246;3;1;25;25;25;2;1;1;2;26;2;2;2;1;2;2
1709866;03/11/2019;0000000000000000002da35d457b40246;3;1;25;25;25;2;1;1;1;27;2;2;2;1;2;2
1709867;03/11/2019;0000000000000000002da35f737b00163;1;2;31;6;25;1;1;1;1;27;90;115;2;1;25;75
1709868;03/11/2019;0000000000000000002da36681e1c0205;3;1;25;25;25;2;1;1;1;18;2;2;2;1;4;4
1709869;03/11/2019;0000000000000000002da3748888c0594;2;1;23;35;17;2;1;3;1;26;182;61;211;1;4;4
1709870;03/11/2019;0000000000000000002da3748888c0594;2;1;23;35;17;2;1;3;1;27;182;61;211;1;4;4
1709871;03/11/2019;0000000000000000002da3759face05ca;3;1;25;25;25;2;1;1;1;19;2;2;2;1;4;4
1709872;03/11/2019;0000000000000000002da37781d7205bd;1;1;27;34;3;1;1;1;1;27;2;2;2;1;7;34
1709873;03/11/2019;0000000000000000002da37a9b94605b2;3;1;25;25;25;1;1;1;1;27;2;2;2;1;2;2
1709874;03/11/2019;0000000000000000002da37a9b94605b2;3;1;25;25;25;1;1;1;1;26;2;2;2;1;2;2
1709875;03/11/2019;0000000000000000002da37ab6d700599;2;5;26;33;23;2;1;5;1;22;2;2;2;1;3;3
1709876;03/11/2019;0000000000000000002da37ab6d700599;2;5;26;33;23;2;1;5;1;26;2;2;2;1;3;3
1709877;03/11/2019;0000000000000000002da3805b77c0582;3;1;25;25;25;1;1;0;1;27;2;2;2;1;9;10
1709878;03/11/2019;0000000000000000002da3805b77c0582;3;1;25;25;25;1;1;0;1;26;2;2;2;1;9;10
1709879;03/11/2019;0000000000000000002da386c02f205b9;2;3;26;32;23;2;1;5;1;27;11;3;51;5;16;21
1709880;03/11/2019;0000000000000000002da38c410d605ac;3;1;25;25;25;1;1;1;1;10;2;2;2;1;3;3
1709881;03/11/2019;0000000000000000002da38c410d605ac;3;1;25;25;25;1;1;1;1;17;2;2;2;1;3;3
1709882;03/11/2019;0000000000000000002da38f57bf8059a;3;1;25;25;25;2;1;1;1;19;2;2;2;1;2;2
1709883;03/11/2019;0000000000000000002da39af4fcc058d;3;1;25;25;25;2;1;2;1;23;2;2;2;1;2;2
1709884;03/11/2019;0000000000000000002da39af4fcc058d;3;1;25;25;25;2;1;2;1;16;2;2;2;1;2;2
1709885;03/11/2019;0000000000000000002da39d8dcca05da;1;2;19;26;16;2;1;5;1;20;27;7;224;1;4;4
1709886;03/11/2019;0000000000000000002da39eca22a059d;1;7;32;21;19;2;1;3;1;18;11;18;27;5;16;21
1709887;03/11/2019;0000000000000000002da3a619f4c05c0;2;6;23;29;17;2;1;3;1;10;12;3;168;1;4;4
1709888;03/11/2019;0000000000000000002da3a619f4c05c0;2;6;23;29;17;2;2;3;1;10;12;3;168;1;4;4
1709889;03/11/2019;0000000000000000002da3a9aba2805be;2;1;26;27;34;2;1;3;2;26;60;8;18;1;11;12
1709890;03/11/2019;0000000000000000002da3a9aba2805be;2;1;26;27;34;2;1;3;2;27;60;8;18;1;11;12
1709891;03/11/2019;0000000000000000002da3ccaf0b20103;1;2;26;30;33;2;1;1;1;26;26;2;2;1;9;85
1709892;03/11/2019;0000000000000000002da3ce9a05805a7;2;2;13;16;25;2;1;1;2;20;2;2;2;1;4;4
1709893;03/11/2019;0000000000000000002da3d17ad5605af;1;2;26;34;18;2;1;1;1;18;2;2;2;1;2;2
1709894;03/11/2019;0000000000000000002da3e14918005c2;2;6;26;33;18;2;1;4;1;27;19;61;80;1;2;2
1709895;03/11/2019;0000000000000000002da3f5281ee05b4;3;1;25;25;25;2;1;2;1;22;2;2;2;1;4;4
1709896;03/11/2019;0000000000000000002da3f8d0cdc0586;2;4;17;16;13;2;1;1;1;20;2;2;2;1;2;2
1709897;03/11/2019;0000000000000000002da4078842005df;2;2;13;31;18;2;1;1;1;27;30;80;2;1;4;4
1709898;03/11/2019;0000000000000000002da418968fa059e;2;5;13;11;16;2;1;1;1;26;2;2;2;1;2;2
1709899;03/11/2019;0000000000000000002da41c3e3660586;1;7;32;21;11;2;1;5;1;27;11;3;27;1;4;4
1709900;03/11/2019;0000000000000000002da4219784005c7;1;3;32;11;25;2;1;1;1;17;2;2;2;1;4;4
1709901;03/11/2019;0000000000000000002da4298f9f605cb;2;2;13;26;35;2;1;5;1;26;37;2;2;1;2;48
1709902;03/11/2019;0000000000000000002da42e1c78e05c3;1;7;21;19;23;4;1;5;1;15;27;11;15;1;2;2
1709903;03/11/2019;0000000000000000002da42f1048405b7;2;6;13;29;3;2;1;3;1;11;42;36;60;1;4;4
1709904;03/11/2019;0000000000000000002da4332b86e01dd;3;1;25;25;25;2;1;0;1;18;2;2;2;1;4;4
1709905;03/11/2019;0000000000000000002da434fc99005aa;3;1;25;25;25;2;1;0;1;26;2;2;2;1;4;4
1709906;03/11/2019;0000000000000000002da43bacc8e05a3;3;1;25;25;25;2;1;1;1;26;2;2;2;1;4;4
1709907;03/11/2019;0000000000000000002da43bacc8e05a3;3;1;25;25;25;2;1;1;1;27;2;2;2;1;4;4
1709908;03/11/2019;0000000000000000002da43c36c1805d2;2;6;19;26;13;1;1;1;1;13;63;8;113;1;32;73
1709909;03/11/2019;0000000000000000002da4439ac4605dc;2;6;29;13;17;2;1;2;2;27;2;2;2;1;13;15
1709910;03/11/2019;0000000000000000002da4439ac4605dc;2;6;29;13;17;2;1;2;2;26;2;2;2;1;13;15
1709911;03/11/2019;0000000000000000002da444a37ae05c4;3;1;25;25;25;1;1;1;1;26;2;2;2;1;2;2
1709912;03/11/2019;0000000000000000002da44afa4e805c6;3;1;25;25;25;2;1;0;1;26;2;2;2;1;10;159
1709913;03/11/2019;0000000000000000002da44bb248e05a3;1;1;11;17;25;2;1;4;1;22;2;2;2;1;4;4
1709914;03/11/2019;0000000000000000002da48275b8c05a7;3;1;25;25;25;1;1;3;1;28;2;2;2;1;4;4
1709915;03/11/2019;0000000000000000002da48a40bc2058d;2;2;13;25;25;2;1;1;1;10;2;2;2;1;4;4
1709916;03/11/2019;0000000000000000002da48fe7454058f;2;1;13;31;34;2;1;2;1;27;152;90;2;1;2;48
1709917;03/11/2019;0000000000000000002da49f549be059a;1;4;32;25;25;2;1;1;1;26;11;2;2;1;7;8
1709918;03/11/2019;0000000000000000002da4a26791205db;3;1;25;25;25;2;1;3;1;17;2;2;2;1;2;2
1709919;03/11/2019;0000000000000000002da4a26791205db;3;1;25;25;25;2;1;3;1;22;2;2;2;1;2;2
1709920;03/11/2019;0000000000000000002da4a5d552c05d8;1;5;11;28;7;2;1;2;1;21;2;2;2;1;4;4
1709921;03/11/2019;0000000000000000002da4a67769a05ad;2;5;31;11;13;2;1;1;1;27;3;2;2;1;2;31
1709922;03/11/2019;0000000000000000002da4b0e1f0c0183;2;2;13;25;25;2;1;1;1;20;2;2;2;1;4;4
1709923;03/11/2019;0000000000000000002da4b37ce7205be;3;1;25;25;25;2;1;1;1;26;2;2;2;1;4;4
1709924;03/11/2019;0000000000000000002da4b7c604005de;3;1;25;25;25;2;1;0;1;10;2;2;2;1;7;8
1709925;03/11/2019;0000000000000000002da4c034794059b;3;1;25;25;25;1;1;1;1;27;2;2;2;1;1;5
1709926;03/11/2019;0000000000000000002da4c4ce1ea0122;2;5;23;17;33;2;1;1;1;26;2;2;2;1;4;4
1709927;03/11/2019;0000000000000000002da4c6262a8015c;1;5;19;32;33;2;1;1;1;24;131;11;2;1;4;4
1709928;03/11/2019;0000000000000000002da4c6927c205d6;1;2;26;30;18;1;1;5;1;27;2;2;2;1;7;8
1709929;03/11/2019;0000000000000000002da4c9f793a05a9;1;2;31;13;29;1;1;1;2;27;68;21;62;1;1;5
1709930;03/11/2019;0000000000000000002da4d0cfe6e05b8;2;3;6;26;11;2;1;2;1;12;77;19;134;1;2;31
1709931;03/11/2019;0000000000000000002da4d20a70805ca;3;1;25;25;25;2;1;1;1;13;2;2;2;1;4;4
1709932;03/11/2019;0000000000000000002da4d90849c0599;2;1;26;16;23;2;1;2;1;26;2;2;2;1;4;4
1709933;03/11/2019;0000000000000000002da4dbba040010d;1;1;33;25;25;2;1;2;1;17;2;2;2;1;3;3
1709934;03/11/2019;0000000000000000002da4e1994f60590;3;1;25;25;25;2;1;1;1;10;2;2;2;1;25;81
1709935;03/11/2019;0000000000000000002da4ea1dfd205e3;3;1;25;25;25;2;1;0;1;17;2;2;2;1;13;15
1709936;03/11/2019;0000000000000000002da4ec10bf805d4;2;1;23;29;33;2;1;1;1;26;2;2;2;1;5;103
1709937;03/11/2019;0000000000000000002da4ec84610059b;1;2;31;16;25;2;1;1;1;27;199;113;2;1;2;2
1709938;03/11/2019;0000000000000000002da4ed4562805b3;3;1;25;25;25;2;1;1;1;11;2;2;2;1;4;4
1709939;03/11/2019;0000000000000000002da500c188605d9;3;1;25;25;25;2;1;1;1;17;2;2;2;1;2;2
1709940;03/11/2019;0000000000000000002da520d299c0116;2;3;18;23;32;2;1;2;1;26;51;34;55;1;5;6
1709941;03/11/2019;0000000000000000002da520d299c0116;2;3;18;23;32;2;1;2;1;27;51;34;55;1;5;6
1709942;03/11/2019;0000000000000000002da52998d4c05e0;2;2;26;32;21;2;1;2;2;10;17;11;145;1;4;4
1709943;03/11/2019;0000000000000000002da52e991ba05bd;2;1;26;23;34;1;1;5;1;13;26;216;20;1;4;4
1709944;03/11/2019;0000000000000000002da52f2486405df;1;1;26;30;28;2;1;2;1;26;9;36;99;1;2;31
1709945;03/11/2019;0000000000000000002da52fc1f900591;1;2;19;23;35;1;1;4;1;26;27;3;17;1;9;10
1709946;03/11/2019;0000000000000000002da52fc1f900591;1;2;19;23;35;1;1;4;1;27;27;3;17;1;9;10
1709947;03/11/2019;0000000000000000002da52fc1f900591;1;2;19;23;35;1;1;4;1;15;27;3;17;1;9;10
1709948;03/11/2019;0000000000000000002da53968e8005c4;3;1;25;25;25;2;1;0;1;20;2;2;2;1;3;3
1709949;03/11/2019;0000000000000000002da53ef76d401d0;3;1;25;25;25;2;1;2;2;19;2;2;2;1;13;15
1709950;03/11/2019;0000000000000000002da54d3aba405b5;1;2;31;26;13;1;1;1;1;27;43;97;30;1;6;16
1709951;03/11/2019;0000000000000000002da555eeb9205c8;2;3;6;13;16;2;1;1;1;22;2;2;2;1;4;4
1709952;03/11/2019;0000000000000000002da556a61f005b5;2;1;29;26;28;2;1;2;1;26;69;35;2;1;13;15
1709953;03/11/2019;0000000000000000002da5577434a058b;1;2;32;33;25;1;1;1;1;26;2;2;2;1;4;4
1709954;03/11/2019;0000000000000000002da5577434a058b;1;2;32;33;25;1;1;1;1;27;2;2;2;1;4;4
1709955;03/11/2019;0000000000000000002da55b0d74005c8;3;1;25;25;25;2;1;2;1;27;2;2;2;1;2;2
1709956;03/11/2019;0000000000000000002da56226fde0590;2;6;29;16;18;2;1;5;2;26;36;32;10;1;13;60
1709957;03/11/2019;0000000000000000002da56226fde0590;2;6;29;16;18;2;1;5;1;27;36;32;10;1;13;60
1709958;03/11/2019;0000000000000000002da5638e0ba011e;1;3;23;25;25;2;1;1;2;27;2;2;2;5;16;21
1709959;03/11/2019;0000000000000000002da5638e0ba011e;1;3;23;25;25;2;1;1;2;26;2;2;2;5;16;21
1709960;03/11/2019;0000000000000000002da567fc41c05a3;1;3;18;32;25;2;1;5;1;21;11;10;5;1;2;2
1709961;03/11/2019;0000000000000000002da574e122a05d3;2;3;33;23;18;2;1;3;1;26;2;2;2;1;4;4
1709962;03/11/2019;0000000000000000002da57913e3c0143;2;1;26;29;30;2;1;1;1;26;2;2;2;1;4;4
1709963;03/11/2019;0000000000000000002da57a90622059d;1;1;16;35;25;2;1;3;1;18;2;2;2;1;9;10
1709964;03/11/2019;0000000000000000002da57b724f405d2;2;2;13;35;16;2;1;1;2;12;2;2;2;1;5;26
1709965;03/11/2019;0000000000000000002da57ea8ace05cb;2;5;23;11;33;2;1;5;1;12;43;26;2;1;13;60
1709966;03/11/2019;0000000000000000002da58164d640105;2;1;18;28;30;2;1;3;1;26;9;4;99;1;2;2
1709967;03/11/2019;0000000000000000002da581a583405db;2;2;13;28;16;2;1;1;1;26;37;2;2;1;2;31
1709968;03/11/2019;0000000000000000002da583799c405b2;3;1;25;25;25;2;1;0;1;20;2;2;2;1;6;62
1709969;03/11/2019;0000000000000000002da58c7c16800e3;3;1;25;25;25;2;1;0;1;20;2;2;2;1;32;73
1709970;03/11/2019;0000000000000000002da5911be1205c4;1;1;31;25;25;2;1;1;1;16;2;2;2;1;9;127
1709971;03/11/2019;0000000000000000002da591d71160115;2;2;13;11;32;2;1;2;1;27;21;170;11;1;4;4
1709972;03/11/2019;0000000000000000002da5bafbcf20157;3;1;25;25;25;2;1;0;1;27;2;2;2;1;20;29
1709973;03/11/2019;0000000000000000002da5bafbcf20157;3;1;25;25;25;2;1;0;1;26;2;2;2;1;20;29
1709974;03/11/2019;0000000000000000002da5baffe3405ba;1;3;18;25;25;2;1;3;1;23;2;2;2;1;4;4
1709975;03/11/2019;0000000000000000002da5c39ab3405c7;1;2;26;27;3;2;1;1;2;12;116;205;2;1;2;25
1709976;03/11/2019;0000000000000000002da5d0d205c0597;2;2;22;28;11;1;1;2;2;26;51;3;2;1;3;3
1709977;03/11/2019;0000000000000000002da5d93ec320589;3;1;25;25;25;1;2;1;2;27;2;2;2;1;11;51
1709978;03/11/2019;0000000000000000002da5d93ec320589;3;1;25;25;25;1;1;1;2;27;2;2;2;1;11;51
1709979;03/11/2019;0000000000000000002da5e3b775c023b;3;1;25;25;25;1;1;5;2;26;2;2;2;1;2;43
1709980;03/11/2019;0000000000000000002da5e3b775c023b;3;1;25;25;25;1;1;5;1;27;2;2;2;1;2;43
1709981;03/11/2019;0000000000000000002da5ea3ce8c0593;1;2;31;26;19;1;1;5;1;26;29;30;27;1;4;4
1709982;03/11/2019;0000000000000000002da5ea3ce8c0593;1;2;31;26;19;1;1;5;1;27;29;30;27;1;4;4
1709983;03/11/2019;0000000000000000002da5eda50d405df;1;5;19;6;21;2;1;1;1;16;27;14;157;1;4;4
1709984;03/11/2019;0000000000000000002da5f33f99e05d7;2;1;34;26;23;2;1;5;1;17;21;86;26;1;25;47
1709985;03/11/2019;0000000000000000002da5f4652f6059c;1;3;32;11;25;2;1;1;1;21;2;2;2;1;4;4
1709986;03/11/2019;0000000000000000002da5fe271280596;3;1;25;25;25;2;1;0;1;26;2;2;2;1;2;78
1709987;03/11/2019;0000000000000000002da5fea03f605bf;3;1;25;25;25;2;1;0;1;19;2;2;2;1;4;4
1709988;03/11/2019;0000000000000000002da617952260599;2;2;26;13;16;2;1;1;1;11;7;2;2;1;4;4
1709989;03/11/2019;0000000000000000002da61b2cc7c05af;3;1;25;25;25;1;1;1;1;26;2;2;2;1;4;4
1709990;03/11/2019;0000000000000000002da620b10d005cd;3;1;25;25;25;2;1;0;1;26;2;2;2;1;2;2
1709991;03/11/2019;0000000000000000002da62a22fd405af;1;5;19;18;33;2;1;3;1;11;53;2;2;1;4;4
1709992;03/11/2019;0000000000000000002da62fe89340580;3;1;25;25;25;2;1;0;1;21;2;2;2;1;3;3
1709993;03/11/2019;0000000000000000002da634fe8e6020c;3;1;25;25;25;2;1;1;1;18;2;2;2;5;16;21
1709994;03/11/2019;0000000000000000002da637dadde05ad;1;1;33;18;25;2;1;4;1;27;2;2;2;1;13;15
1709995;03/11/2019;0000000000000000002da643815de05cb;3;1;25;25;25;2;1;0;1;27;2;2;2;1;3;3
1709996;03/11/2019;0000000000000000002da66be781a05cc;1;3;32;11;28;2;1;2;1;27;11;3;2;1;2;2
1709997;03/11/2019;0000000000000000002da675375a005be;2;3;18;21;23;2;1;5;1;22;71;2;2;1;4;4
1709998;03/11/2019;0000000000000000002da67a0c41a05bd;2;2;13;16;26;2;1;1;3;27;37;2;2;1;6;62
1709999;03/11/2019;0000000000000000002da67c0ac1a05b6;3;1;25;25;25;2;1;1;1;14;2;2;2;1;4;4
1710000;03/11/2019;0000000000000000002da68ab5c4205de;2;4;26;13;34;2;1;2;1;26;208;84;60;1;4;4
1710001;03/11/2019;0000000000000000002da68d15f9a05a6;3;1;25;25;25;1;1;1;1;27;2;2;2;1;4;4
1710002;03/11/2019;0000000000000000002da68d15f9a05a6;3;1;25;25;25;1;1;1;1;26;2;2;2;1;4;4
1710003;03/11/2019;0000000000000000002da69caa7800598;2;1;21;18;25;2;1;3;1;21;2;2;2;1;3;3
